"rownames","affairs","gender","age","yearsmarried","children","religiousness","education","occupation","rating","has_affair","has_affair_num","affair_cat","rating_factor","religious_factor","happy_bin"
4,0,"Nam",37,10,"Không có con",3,18,7,4,"Không",0,"Không (0 lần)","4-Hạnh phúc","3-Trung bình","Hạnh phúc"
5,0,"Nữ",27,4,"Không có con",4,14,6,4,"Không",0,"Không (0 lần)","4-Hạnh phúc","4-Tôn giáo","Hạnh phúc"
11,0,"Nữ",32,15,"Có con",1,12,1,4,"Không",0,"Không (0 lần)","4-Hạnh phúc","1-Không","Hạnh phúc"
16,0,"Nam",57,15,"Có con",5,18,6,5,"Không",0,"Không (0 lần)","5-Rất hạnh phúc","5-Rất tôn giáo","Hạnh phúc"
23,0,"Nam",22,0.75,"Không có con",2,17,6,3,"Không",0,"Không (0 lần)","3-Trung bình","2-Hơi tôn giáo","Bất hạnh"
29,0,"Nữ",32,1.5,"Không có con",2,17,5,5,"Không",0,"Không (0 lần)","5-Rất hạnh phúc","2-Hơi tôn giáo","Hạnh phúc"
44,0,"Nữ",22,0.75,"Không có con",2,12,1,3,"Không",0,"Không (0 lần)","3-Trung bình","2-Hơi tôn giáo","Bất hạnh"
45,0,"Nam",57,15,"Có con",2,14,4,4,"Không",0,"Không (0 lần)","4-Hạnh phúc","2-Hơi tôn giáo","Hạnh phúc"
47,0,"Nữ",32,15,"Có con",4,16,1,2,"Không",0,"Không (0 lần)","2-Bất hạnh","4-Tôn giáo","Bất hạnh"
49,0,"Nam",22,1.5,"Không có con",4,14,4,5,"Không",0,"Không (0 lần)","5-Rất hạnh phúc","4-Tôn giáo","Hạnh phúc"
50,0,"Nam",37,15,"Có con",2,20,7,2,"Không",0,"Không (0 lần)","2-Bất hạnh","2-Hơi tôn giáo","Bất hạnh"
55,0,"Nam",27,4,"Có con",4,18,6,4,"Không",0,"Không (0 lần)","4-Hạnh phúc","4-Tôn giáo","Hạnh phúc"
64,0,"Nam",47,15,"Có con",5,17,6,4,"Không",0,"Không (0 lần)","4-Hạnh phúc","5-Rất tôn giáo","Hạnh phúc"
80,0,"Nữ",22,1.5,"Không có con",2,17,5,4,"Không",0,"Không (0 lần)","4-Hạnh phúc","2-Hơi tôn giáo","Hạnh phúc"
86,0,"Nữ",27,4,"Không có con",4,14,5,4,"Không",0,"Không (0 lần)","4-Hạnh phúc","4-Tôn giáo","Hạnh phúc"
93,0,"Nữ",37,15,"Có con",1,17,5,5,"Không",0,"Không (0 lần)","5-Rất hạnh phúc","1-Không","Hạnh phúc"
108,0,"Nữ",37,15,"Có con",2,18,4,3,"Không",0,"Không (0 lần)","3-Trung bình","2-Hơi tôn giáo","Bất hạnh"
114,0,"Nữ",22,0.75,"Không có con",3,16,5,4,"Không",0,"Không (0 lần)","4-Hạnh phúc","3-Trung bình","Hạnh phúc"
115,0,"Nữ",22,1.5,"Không có con",2,16,5,5,"Không",0,"Không (0 lần)","5-Rất hạnh phúc","2-Hơi tôn giáo","Hạnh phúc"
116,0,"Nữ",27,10,"Có con",2,14,1,5,"Không",0,"Không (0 lần)","5-Rất hạnh phúc","2-Hơi tôn giáo","Hạnh phúc"
123,0,"Nữ",22,1.5,"Không có con",2,16,5,5,"Không",0,"Không (0 lần)","5-Rất hạnh phúc","2-Hơi tôn giáo","Hạnh phúc"
127,0,"Nữ",22,1.5,"Không có con",2,16,5,5,"Không",0,"Không (0 lần)","5-Rất hạnh phúc","2-Hơi tôn giáo","Hạnh phúc"
129,0,"Nữ",27,10,"Có con",4,16,5,4,"Không",0,"Không (0 lần)","4-Hạnh phúc","4-Tôn giáo","Hạnh phúc"
134,0,"Nữ",32,10,"Có con",3,14,1,5,"Không",0,"Không (0 lần)","5-Rất hạnh phúc","3-Trung bình","Hạnh phúc"
137,0,"Nam",37,4,"Có con",2,20,6,4,"Không",0,"Không (0 lần)","4-Hạnh phúc","2-Hơi tôn giáo","Hạnh phúc"
139,0,"Nữ",22,1.5,"Không có con",2,18,5,5,"Không",0,"Không (0 lần)","5-Rất hạnh phúc","2-Hơi tôn giáo","Hạnh phúc"
147,0,"Nữ",27,7,"Không có con",4,16,1,5,"Không",0,"Không (0 lần)","5-Rất hạnh phúc","4-Tôn giáo","Hạnh phúc"
151,0,"Nam",42,15,"Có con",5,20,6,4,"Không",0,"Không (0 lần)","4-Hạnh phúc","5-Rất tôn giáo","Hạnh phúc"
153,0,"Nam",27,4,"Có con",3,16,5,5,"Không",0,"Không (0 lần)","5-Rất hạnh phúc","3-Trung bình","Hạnh phúc"
155,0,"Nữ",27,4,"Có con",3,17,5,4,"Không",0,"Không (0 lần)","4-Hạnh phúc","3-Trung bình","Hạnh phúc"
162,0,"Nam",42,15,"Có con",4,20,6,3,"Không",0,"Không (0 lần)","3-Trung bình","4-Tôn giáo","Bất hạnh"
163,0,"Nữ",22,1.5,"Không có con",3,16,5,5,"Không",0,"Không (0 lần)","5-Rất hạnh phúc","3-Trung bình","Hạnh phúc"
165,0,"Nam",27,0.417,"Không có con",4,17,6,4,"Không",0,"Không (0 lần)","4-Hạnh phúc","4-Tôn giáo","Hạnh phúc"
168,0,"Nữ",42,15,"Có con",5,14,5,4,"Không",0,"Không (0 lần)","4-Hạnh phúc","5-Rất tôn giáo","Hạnh phúc"
170,0,"Nam",32,4,"Có con",1,18,6,4,"Không",0,"Không (0 lần)","4-Hạnh phúc","1-Không","Hạnh phúc"
172,0,"Nữ",22,1.5,"Không có con",4,16,5,3,"Không",0,"Không (0 lần)","3-Trung bình","4-Tôn giáo","Bất hạnh"
184,0,"Nữ",42,15,"Có con",3,12,1,4,"Không",0,"Không (0 lần)","4-Hạnh phúc","3-Trung bình","Hạnh phúc"
187,0,"Nữ",22,4,"Không có con",4,17,5,5,"Không",0,"Không (0 lần)","5-Rất hạnh phúc","4-Tôn giáo","Hạnh phúc"
192,0,"Nam",22,1.5,"Có con",1,14,3,5,"Không",0,"Không (0 lần)","5-Rất hạnh phúc","1-Không","Hạnh phúc"
194,0,"Nữ",22,0.75,"Không có con",3,16,1,5,"Không",0,"Không (0 lần)","5-Rất hạnh phúc","3-Trung bình","Hạnh phúc"
210,0,"Nam",32,10,"Có con",5,20,6,5,"Không",0,"Không (0 lần)","5-Rất hạnh phúc","5-Rất tôn giáo","Hạnh phúc"
217,0,"Nam",52,15,"Có con",5,18,6,3,"Không",0,"Không (0 lần)","3-Trung bình","5-Rất tôn giáo","Bất hạnh"
220,0,"Nữ",22,0.417,"Không có con",5,14,1,4,"Không",0,"Không (0 lần)","4-Hạnh phúc","5-Rất tôn giáo","Hạnh phúc"
224,0,"Nữ",27,4,"Có con",2,18,6,1,"Không",0,"Không (0 lần)","1-Rất bất hạnh","2-Hơi tôn giáo","Bất hạnh"
227,0,"Nữ",32,7,"Có con",5,17,5,3,"Không",0,"Không (0 lần)","3-Trung bình","5-Rất tôn giáo","Bất hạnh"
228,0,"Nam",22,4,"Không có con",3,16,5,5,"Không",0,"Không (0 lần)","5-Rất hạnh phúc","3-Trung bình","Hạnh phúc"
239,0,"Nữ",27,7,"Có con",4,18,6,5,"Không",0,"Không (0 lần)","5-Rất hạnh phúc","4-Tôn giáo","Hạnh phúc"
241,0,"Nữ",42,15,"Có con",2,18,5,4,"Không",0,"Không (0 lần)","4-Hạnh phúc","2-Hơi tôn giáo","Hạnh phúc"
245,0,"Nam",27,1.5,"Có con",4,16,3,5,"Không",0,"Không (0 lần)","5-Rất hạnh phúc","4-Tôn giáo","Hạnh phúc"
249,0,"Nam",42,15,"Có con",2,20,6,4,"Không",0,"Không (0 lần)","4-Hạnh phúc","2-Hơi tôn giáo","Hạnh phúc"
262,0,"Nữ",22,0.75,"Không có con",5,14,3,5,"Không",0,"Không (0 lần)","5-Rất hạnh phúc","5-Rất tôn giáo","Hạnh phúc"
265,0,"Nam",32,7,"Có con",2,20,6,4,"Không",0,"Không (0 lần)","4-Hạnh phúc","2-Hơi tôn giáo","Hạnh phúc"
267,0,"Nam",27,4,"Có con",5,20,6,5,"Không",0,"Không (0 lần)","5-Rất hạnh phúc","5-Rất tôn giáo","Hạnh phúc"
269,0,"Nam",27,10,"Có con",4,20,6,4,"Không",0,"Không (0 lần)","4-Hạnh phúc","4-Tôn giáo","Hạnh phúc"
271,0,"Nam",22,4,"Không có con",1,18,5,5,"Không",0,"Không (0 lần)","5-Rất hạnh phúc","1-Không","Hạnh phúc"
277,0,"Nữ",37,15,"Có con",4,14,3,1,"Không",0,"Không (0 lần)","1-Rất bất hạnh","4-Tôn giáo","Bất hạnh"
290,0,"Nam",22,1.5,"Có con",5,16,4,4,"Không",0,"Không (0 lần)","4-Hạnh phúc","5-Rất tôn giáo","Hạnh phúc"
292,0,"Nữ",37,15,"Có con",4,17,1,5,"Không",0,"Không (0 lần)","5-Rất hạnh phúc","4-Tôn giáo","Hạnh phúc"
293,0,"Nữ",27,0.75,"Không có con",4,17,5,4,"Không",0,"Không (0 lần)","4-Hạnh phúc","4-Tôn giáo","Hạnh phúc"
295,0,"Nam",32,10,"Có con",4,20,6,4,"Không",0,"Không (0 lần)","4-Hạnh phúc","4-Tôn giáo","Hạnh phúc"
299,0,"Nữ",47,15,"Có con",5,14,7,2,"Không",0,"Không (0 lần)","2-Bất hạnh","5-Rất tôn giáo","Bất hạnh"
320,0,"Nam",37,10,"Có con",3,20,6,4,"Không",0,"Không (0 lần)","4-Hạnh phúc","3-Trung bình","Hạnh phúc"
321,0,"Nữ",22,0.75,"Không có con",2,16,5,5,"Không",0,"Không (0 lần)","5-Rất hạnh phúc","2-Hơi tôn giáo","Hạnh phúc"
324,0,"Nam",27,4,"Không có con",2,18,4,5,"Không",0,"Không (0 lần)","5-Rất hạnh phúc","2-Hơi tôn giáo","Hạnh phúc"
334,0,"Nam",32,7,"Không có con",4,20,6,4,"Không",0,"Không (0 lần)","4-Hạnh phúc","4-Tôn giáo","Hạnh phúc"
351,0,"Nam",42,15,"Có con",2,17,3,5,"Không",0,"Không (0 lần)","5-Rất hạnh phúc","2-Hơi tôn giáo","Hạnh phúc"
355,0,"Nam",37,10,"Có con",4,20,6,4,"Không",0,"Không (0 lần)","4-Hạnh phúc","4-Tôn giáo","Hạnh phúc"
361,0,"Nữ",47,15,"Có con",3,17,6,5,"Không",0,"Không (0 lần)","5-Rất hạnh phúc","3-Trung bình","Hạnh phúc"
362,0,"Nữ",22,1.5,"Không có con",5,16,5,5,"Không",0,"Không (0 lần)","5-Rất hạnh phúc","5-Rất tôn giáo","Hạnh phúc"
366,0,"Nữ",27,1.5,"Không có con",2,16,6,4,"Không",0,"Không (0 lần)","4-Hạnh phúc","2-Hơi tôn giáo","Hạnh phúc"
370,0,"Nữ",27,4,"Không có con",3,17,5,5,"Không",0,"Không (0 lần)","5-Rất hạnh phúc","3-Trung bình","Hạnh phúc"
374,0,"Nữ",32,10,"Có con",5,14,4,5,"Không",0,"Không (0 lần)","5-Rất hạnh phúc","5-Rất tôn giáo","Hạnh phúc"
378,0,"Nữ",22,0.125,"Không có con",2,12,5,5,"Không",0,"Không (0 lần)","5-Rất hạnh phúc","2-Hơi tôn giáo","Hạnh phúc"
381,0,"Nam",47,15,"Có con",4,14,4,3,"Không",0,"Không (0 lần)","3-Trung bình","4-Tôn giáo","Bất hạnh"
382,0,"Nam",32,15,"Có con",1,14,5,5,"Không",0,"Không (0 lần)","5-Rất hạnh phúc","1-Không","Hạnh phúc"
383,0,"Nam",27,7,"Có con",4,16,5,5,"Không",0,"Không (0 lần)","5-Rất hạnh phúc","4-Tôn giáo","Hạnh phúc"
384,0,"Nữ",22,1.5,"Có con",3,16,5,5,"Không",0,"Không (0 lần)","5-Rất hạnh phúc","3-Trung bình","Hạnh phúc"
400,0,"Nam",27,4,"Có con",3,17,6,5,"Không",0,"Không (0 lần)","5-Rất hạnh phúc","3-Trung bình","Hạnh phúc"
403,0,"Nữ",22,1.5,"Không có con",3,16,5,5,"Không",0,"Không (0 lần)","5-Rất hạnh phúc","3-Trung bình","Hạnh phúc"
409,0,"Nam",57,15,"Có con",2,14,7,2,"Không",0,"Không (0 lần)","2-Bất hạnh","2-Hơi tôn giáo","Bất hạnh"
412,0,"Nam",17.5,1.5,"Có con",3,18,6,5,"Không",0,"Không (0 lần)","5-Rất hạnh phúc","3-Trung bình","Hạnh phúc"
413,0,"Nam",57,15,"Có con",4,20,6,5,"Không",0,"Không (0 lần)","5-Rất hạnh phúc","4-Tôn giáo","Hạnh phúc"
416,0,"Nữ",22,0.75,"Không có con",2,16,3,4,"Không",0,"Không (0 lần)","4-Hạnh phúc","2-Hơi tôn giáo","Hạnh phúc"
418,0,"Nam",42,4,"Không có con",4,17,3,3,"Không",0,"Không (0 lần)","3-Trung bình","4-Tôn giáo","Bất hạnh"
422,0,"Nữ",22,1.5,"Có con",4,12,1,5,"Không",0,"Không (0 lần)","5-Rất hạnh phúc","4-Tôn giáo","Hạnh phúc"
435,0,"Nữ",22,0.417,"Không có con",1,17,6,4,"Không",0,"Không (0 lần)","4-Hạnh phúc","1-Không","Hạnh phúc"
439,0,"Nữ",32,15,"Có con",4,17,5,5,"Không",0,"Không (0 lần)","5-Rất hạnh phúc","4-Tôn giáo","Hạnh phúc"
445,0,"Nữ",27,1.5,"Không có con",3,18,5,2,"Không",0,"Không (0 lần)","2-Bất hạnh","3-Trung bình","Bất hạnh"
447,0,"Nữ",22,1.5,"Có con",3,14,1,5,"Không",0,"Không (0 lần)","5-Rất hạnh phúc","3-Trung bình","Hạnh phúc"
448,0,"Nữ",37,15,"Có con",3,14,1,4,"Không",0,"Không (0 lần)","4-Hạnh phúc","3-Trung bình","Hạnh phúc"
449,0,"Nữ",32,15,"Có con",4,14,3,4,"Không",0,"Không (0 lần)","4-Hạnh phúc","4-Tôn giáo","Hạnh phúc"
478,0,"Nam",37,10,"Có con",2,14,5,3,"Không",0,"Không (0 lần)","3-Trung bình","2-Hơi tôn giáo","Bất hạnh"
482,0,"Nam",37,10,"Có con",4,16,5,4,"Không",0,"Không (0 lần)","4-Hạnh phúc","4-Tôn giáo","Hạnh phúc"
486,0,"Nam",57,15,"Có con",5,20,5,3,"Không",0,"Không (0 lần)","3-Trung bình","5-Rất tôn giáo","Bất hạnh"
489,0,"Nam",27,0.417,"Không có con",1,16,3,4,"Không",0,"Không (0 lần)","4-Hạnh phúc","1-Không","Hạnh phúc"
490,0,"Nữ",42,15,"Có con",5,14,1,5,"Không",0,"Không (0 lần)","5-Rất hạnh phúc","5-Rất tôn giáo","Hạnh phúc"
491,0,"Nam",57,15,"Có con",3,16,6,1,"Không",0,"Không (0 lần)","1-Rất bất hạnh","3-Trung bình","Bất hạnh"
492,0,"Nam",37,10,"Có con",1,16,6,4,"Không",0,"Không (0 lần)","4-Hạnh phúc","1-Không","Hạnh phúc"
503,0,"Nam",37,15,"Có con",3,17,5,5,"Không",0,"Không (0 lần)","5-Rất hạnh phúc","3-Trung bình","Hạnh phúc"
508,0,"Nam",37,15,"Có con",4,20,6,5,"Không",0,"Không (0 lần)","5-Rất hạnh phúc","4-Tôn giáo","Hạnh phúc"
509,0,"Nữ",27,10,"Có con",5,14,1,5,"Không",0,"Không (0 lần)","5-Rất hạnh phúc","5-Rất tôn giáo","Hạnh phúc"
512,0,"Nam",37,10,"Có con",2,18,6,4,"Không",0,"Không (0 lần)","4-Hạnh phúc","2-Hơi tôn giáo","Hạnh phúc"
515,0,"Nữ",22,0.125,"Không có con",4,12,4,5,"Không",0,"Không (0 lần)","5-Rất hạnh phúc","4-Tôn giáo","Hạnh phúc"
517,0,"Nam",57,15,"Có con",5,20,6,5,"Không",0,"Không (0 lần)","5-Rất hạnh phúc","5-Rất tôn giáo","Hạnh phúc"
532,0,"Nữ",37,15,"Có con",4,18,6,4,"Không",0,"Không (0 lần)","4-Hạnh phúc","4-Tôn giáo","Hạnh phúc"
533,0,"Nam",22,4,"Có con",4,14,6,4,"Không",0,"Không (0 lần)","4-Hạnh phúc","4-Tôn giáo","Hạnh phúc"
535,0,"Nam",27,7,"Có con",4,18,5,4,"Không",0,"Không (0 lần)","4-Hạnh phúc","4-Tôn giáo","Hạnh phúc"
537,0,"Nam",57,15,"Có con",4,20,5,4,"Không",0,"Không (0 lần)","4-Hạnh phúc","4-Tôn giáo","Hạnh phúc"
538,0,"Nam",32,15,"Có con",3,14,6,3,"Không",0,"Không (0 lần)","3-Trung bình","3-Trung bình","Bất hạnh"
543,0,"Nữ",22,1.5,"Không có con",2,14,5,4,"Không",0,"Không (0 lần)","4-Hạnh phúc","2-Hơi tôn giáo","Hạnh phúc"
547,0,"Nữ",32,7,"Có con",4,17,1,5,"Không",0,"Không (0 lần)","5-Rất hạnh phúc","4-Tôn giáo","Hạnh phúc"
550,0,"Nữ",37,15,"Có con",4,17,6,5,"Không",0,"Không (0 lần)","5-Rất hạnh phúc","4-Tôn giáo","Hạnh phúc"
558,0,"Nữ",32,1.5,"Không có con",5,18,5,5,"Không",0,"Không (0 lần)","5-Rất hạnh phúc","5-Rất tôn giáo","Hạnh phúc"
571,0,"Nam",42,10,"Có con",5,20,7,4,"Không",0,"Không (0 lần)","4-Hạnh phúc","5-Rất tôn giáo","Hạnh phúc"
578,0,"Nữ",27,7,"Không có con",3,16,5,4,"Không",0,"Không (0 lần)","4-Hạnh phúc","3-Trung bình","Hạnh phúc"
583,0,"Nam",37,15,"Không có con",4,20,6,5,"Không",0,"Không (0 lần)","5-Rất hạnh phúc","4-Tôn giáo","Hạnh phúc"
586,0,"Nam",37,15,"Có con",4,14,3,2,"Không",0,"Không (0 lần)","2-Bất hạnh","4-Tôn giáo","Bất hạnh"
594,0,"Nam",32,10,"Không có con",5,18,6,4,"Không",0,"Không (0 lần)","4-Hạnh phúc","5-Rất tôn giáo","Hạnh phúc"
597,0,"Nữ",22,0.75,"Không có con",4,16,1,5,"Không",0,"Không (0 lần)","5-Rất hạnh phúc","4-Tôn giáo","Hạnh phúc"
602,0,"Nữ",27,7,"Có con",4,12,2,4,"Không",0,"Không (0 lần)","4-Hạnh phúc","4-Tôn giáo","Hạnh phúc"
603,0,"Nữ",27,7,"Có con",2,16,2,5,"Không",0,"Không (0 lần)","5-Rất hạnh phúc","2-Hơi tôn giáo","Hạnh phúc"
604,0,"Nữ",42,15,"Có con",5,18,5,4,"Không",0,"Không (0 lần)","4-Hạnh phúc","5-Rất tôn giáo","Hạnh phúc"
612,0,"Nam",42,15,"Có con",4,17,5,3,"Không",0,"Không (0 lần)","3-Trung bình","4-Tôn giáo","Bất hạnh"
613,0,"Nữ",27,7,"Có con",2,16,1,2,"Không",0,"Không (0 lần)","2-Bất hạnh","2-Hơi tôn giáo","Bất hạnh"
621,0,"Nữ",22,1.5,"Không có con",3,16,5,5,"Không",0,"Không (0 lần)","5-Rất hạnh phúc","3-Trung bình","Hạnh phúc"
627,0,"Nam",37,15,"Có con",5,20,6,5,"Không",0,"Không (0 lần)","5-Rất hạnh phúc","5-Rất tôn giáo","Hạnh phúc"
630,0,"Nữ",22,0.125,"Không có con",2,14,4,5,"Không",0,"Không (0 lần)","5-Rất hạnh phúc","2-Hơi tôn giáo","Hạnh phúc"
631,0,"Nam",27,1.5,"Không có con",4,16,5,5,"Không",0,"Không (0 lần)","5-Rất hạnh phúc","4-Tôn giáo","Hạnh phúc"
632,0,"Nam",32,1.5,"Không có con",2,18,6,5,"Không",0,"Không (0 lần)","5-Rất hạnh phúc","2-Hơi tôn giáo","Hạnh phúc"
639,0,"Nam",27,1.5,"Không có con",2,17,6,5,"Không",0,"Không (0 lần)","5-Rất hạnh phúc","2-Hơi tôn giáo","Hạnh phúc"
645,0,"Nữ",27,10,"Có con",4,16,1,3,"Không",0,"Không (0 lần)","3-Trung bình","4-Tôn giáo","Bất hạnh"
647,0,"Nam",42,15,"Có con",4,18,6,5,"Không",0,"Không (0 lần)","5-Rất hạnh phúc","4-Tôn giáo","Hạnh phúc"
648,0,"Nữ",27,1.5,"Không có con",2,16,6,5,"Không",0,"Không (0 lần)","5-Rất hạnh phúc","2-Hơi tôn giáo","Hạnh phúc"
651,0,"Nam",27,4,"Không có con",2,18,6,3,"Không",0,"Không (0 lần)","3-Trung bình","2-Hơi tôn giáo","Bất hạnh"
655,0,"Nữ",32,10,"Có con",3,14,5,3,"Không",0,"Không (0 lần)","3-Trung bình","3-Trung bình","Bất hạnh"
667,0,"Nữ",32,15,"Có con",3,18,5,4,"Không",0,"Không (0 lần)","4-Hạnh phúc","3-Trung bình","Hạnh phúc"
670,0,"Nữ",22,0.75,"Không có con",2,18,6,5,"Không",0,"Không (0 lần)","5-Rất hạnh phúc","2-Hơi tôn giáo","Hạnh phúc"
671,0,"Nữ",37,15,"Có con",2,16,1,4,"Không",0,"Không (0 lần)","4-Hạnh phúc","2-Hơi tôn giáo","Hạnh phúc"
673,0,"Nam",27,4,"Có con",4,20,5,5,"Không",0,"Không (0 lần)","5-Rất hạnh phúc","4-Tôn giáo","Hạnh phúc"
701,0,"Nam",27,4,"Không có con",1,20,5,4,"Không",0,"Không (0 lần)","4-Hạnh phúc","1-Không","Hạnh phúc"
705,0,"Nữ",27,10,"Có con",2,12,1,4,"Không",0,"Không (0 lần)","4-Hạnh phúc","2-Hơi tôn giáo","Hạnh phúc"
706,0,"Nữ",32,15,"Có con",5,18,6,4,"Không",0,"Không (0 lần)","4-Hạnh phúc","5-Rất tôn giáo","Hạnh phúc"
709,0,"Nam",27,7,"Có con",5,12,5,3,"Không",0,"Không (0 lần)","3-Trung bình","5-Rất tôn giáo","Bất hạnh"
717,0,"Nam",52,15,"Có con",2,18,5,4,"Không",0,"Không (0 lần)","4-Hạnh phúc","2-Hơi tôn giáo","Hạnh phúc"
719,0,"Nam",27,4,"Không có con",3,20,6,3,"Không",0,"Không (0 lần)","3-Trung bình","3-Trung bình","Bất hạnh"
723,0,"Nam",37,4,"Có con",1,18,5,4,"Không",0,"Không (0 lần)","4-Hạnh phúc","1-Không","Hạnh phúc"
724,0,"Nam",27,4,"Có con",4,14,5,4,"Không",0,"Không (0 lần)","4-Hạnh phúc","4-Tôn giáo","Hạnh phúc"
726,0,"Nữ",52,15,"Có con",5,12,1,3,"Không",0,"Không (0 lần)","3-Trung bình","5-Rất tôn giáo","Bất hạnh"
734,0,"Nữ",57,15,"Có con",4,16,6,4,"Không",0,"Không (0 lần)","4-Hạnh phúc","4-Tôn giáo","Hạnh phúc"
735,0,"Nam",27,7,"Có con",1,16,5,4,"Không",0,"Không (0 lần)","4-Hạnh phúc","1-Không","Hạnh phúc"
736,0,"Nam",37,7,"Có con",4,20,6,3,"Không",0,"Không (0 lần)","3-Trung bình","4-Tôn giáo","Bất hạnh"
737,0,"Nam",22,0.75,"Không có con",2,14,4,3,"Không",0,"Không (0 lần)","3-Trung bình","2-Hơi tôn giáo","Bất hạnh"
739,0,"Nam",32,4,"Có con",2,18,5,3,"Không",0,"Không (0 lần)","3-Trung bình","2-Hơi tôn giáo","Bất hạnh"
743,0,"Nam",37,15,"Có con",4,20,6,3,"Không",0,"Không (0 lần)","3-Trung bình","4-Tôn giáo","Bất hạnh"
745,0,"Nam",22,0.75,"Có con",2,14,4,3,"Không",0,"Không (0 lần)","3-Trung bình","2-Hơi tôn giáo","Bất hạnh"
747,0,"Nam",42,15,"Có con",4,20,6,3,"Không",0,"Không (0 lần)","3-Trung bình","4-Tôn giáo","Bất hạnh"
751,0,"Nữ",52,15,"Có con",5,17,1,1,"Không",0,"Không (0 lần)","1-Rất bất hạnh","5-Rất tôn giáo","Bất hạnh"
752,0,"Nữ",37,15,"Có con",4,14,1,2,"Không",0,"Không (0 lần)","2-Bất hạnh","4-Tôn giáo","Bất hạnh"
754,0,"Nam",27,7,"Có con",4,14,5,3,"Không",0,"Không (0 lần)","3-Trung bình","4-Tôn giáo","Bất hạnh"
760,0,"Nam",32,4,"Có con",2,16,5,5,"Không",0,"Không (0 lần)","5-Rất hạnh phúc","2-Hơi tôn giáo","Hạnh phúc"
763,0,"Nữ",27,4,"Có con",2,18,6,5,"Không",0,"Không (0 lần)","5-Rất hạnh phúc","2-Hơi tôn giáo","Hạnh phúc"
774,0,"Nữ",27,4,"Có con",2,18,5,5,"Không",0,"Không (0 lần)","5-Rất hạnh phúc","2-Hơi tôn giáo","Hạnh phúc"
776,0,"Nam",37,15,"Có con",5,18,6,5,"Không",0,"Không (0 lần)","5-Rất hạnh phúc","5-Rất tôn giáo","Hạnh phúc"
779,0,"Nữ",47,15,"Có con",5,12,5,4,"Không",0,"Không (0 lần)","4-Hạnh phúc","5-Rất tôn giáo","Hạnh phúc"
784,0,"Nữ",32,10,"Có con",3,17,1,4,"Không",0,"Không (0 lần)","4-Hạnh phúc","3-Trung bình","Hạnh phúc"
788,0,"Nữ",27,1.5,"Có con",4,17,1,2,"Không",0,"Không (0 lần)","2-Bất hạnh","4-Tôn giáo","Bất hạnh"
794,0,"Nữ",57,15,"Có con",2,18,5,2,"Không",0,"Không (0 lần)","2-Bất hạnh","2-Hơi tôn giáo","Bất hạnh"
795,0,"Nữ",22,1.5,"Không có con",4,14,5,4,"Không",0,"Không (0 lần)","4-Hạnh phúc","4-Tôn giáo","Hạnh phúc"
798,0,"Nam",42,15,"Có con",3,14,3,4,"Không",0,"Không (0 lần)","4-Hạnh phúc","3-Trung bình","Hạnh phúc"
800,0,"Nam",57,15,"Có con",4,9,2,2,"Không",0,"Không (0 lần)","2-Bất hạnh","4-Tôn giáo","Bất hạnh"
803,0,"Nam",57,15,"Có con",4,20,6,5,"Không",0,"Không (0 lần)","5-Rất hạnh phúc","4-Tôn giáo","Hạnh phúc"
807,0,"Nữ",22,0.125,"Không có con",4,14,4,5,"Không",0,"Không (0 lần)","5-Rất hạnh phúc","4-Tôn giáo","Hạnh phúc"
812,0,"Nữ",32,10,"Có con",4,14,1,5,"Không",0,"Không (0 lần)","5-Rất hạnh phúc","4-Tôn giáo","Hạnh phúc"
820,0,"Nữ",42,15,"Có con",3,18,5,4,"Không",0,"Không (0 lần)","4-Hạnh phúc","3-Trung bình","Hạnh phúc"
823,0,"Nữ",27,1.5,"Không có con",2,18,6,5,"Không",0,"Không (0 lần)","5-Rất hạnh phúc","2-Hơi tôn giáo","Hạnh phúc"
830,0,"Nam",32,0.125,"Có con",2,18,5,2,"Không",0,"Không (0 lần)","2-Bất hạnh","2-Hơi tôn giáo","Bất hạnh"
843,0,"Nữ",27,4,"Không có con",3,16,5,4,"Không",0,"Không (0 lần)","4-Hạnh phúc","3-Trung bình","Hạnh phúc"
848,0,"Nữ",27,10,"Có con",2,16,1,4,"Không",0,"Không (0 lần)","4-Hạnh phúc","2-Hơi tôn giáo","Hạnh phúc"
851,0,"Nữ",32,7,"Có con",4,16,1,3,"Không",0,"Không (0 lần)","3-Trung bình","4-Tôn giáo","Bất hạnh"
854,0,"Nữ",37,15,"Có con",4,14,5,4,"Không",0,"Không (0 lần)","4-Hạnh phúc","4-Tôn giáo","Hạnh phúc"
856,0,"Nữ",42,15,"Có con",5,17,6,2,"Không",0,"Không (0 lần)","2-Bất hạnh","5-Rất tôn giáo","Bất hạnh"
857,0,"Nam",32,1.5,"Có con",4,14,6,5,"Không",0,"Không (0 lần)","5-Rất hạnh phúc","4-Tôn giáo","Hạnh phúc"
859,0,"Nữ",32,4,"Có con",3,17,5,3,"Không",0,"Không (0 lần)","3-Trung bình","3-Trung bình","Bất hạnh"
863,0,"Nữ",37,7,"Không có con",4,18,5,5,"Không",0,"Không (0 lần)","5-Rất hạnh phúc","4-Tôn giáo","Hạnh phúc"
865,0,"Nữ",22,0.417,"Có con",3,14,3,5,"Không",0,"Không (0 lần)","5-Rất hạnh phúc","3-Trung bình","Hạnh phúc"
867,0,"Nữ",27,7,"Có con",4,14,1,5,"Không",0,"Không (0 lần)","5-Rất hạnh phúc","4-Tôn giáo","Hạnh phúc"
870,0,"Nam",27,0.75,"Không có con",3,16,5,5,"Không",0,"Không (0 lần)","5-Rất hạnh phúc","3-Trung bình","Hạnh phúc"
873,0,"Nam",27,4,"Có con",2,20,5,5,"Không",0,"Không (0 lần)","5-Rất hạnh phúc","2-Hơi tôn giáo","Hạnh phúc"
875,0,"Nam",32,10,"Có con",4,16,4,5,"Không",0,"Không (0 lần)","5-Rất hạnh phúc","4-Tôn giáo","Hạnh phúc"
876,0,"Nam",32,15,"Có con",1,14,5,5,"Không",0,"Không (0 lần)","5-Rất hạnh phúc","1-Không","Hạnh phúc"
877,0,"Nam",22,0.75,"Không có con",3,17,4,5,"Không",0,"Không (0 lần)","5-Rất hạnh phúc","3-Trung bình","Hạnh phúc"
880,0,"Nữ",27,7,"Có con",4,17,1,4,"Không",0,"Không (0 lần)","4-Hạnh phúc","4-Tôn giáo","Hạnh phúc"
903,0,"Nam",27,0.417,"Có con",4,20,5,4,"Không",0,"Không (0 lần)","4-Hạnh phúc","4-Tôn giáo","Hạnh phúc"
904,0,"Nam",37,15,"Có con",4,20,5,4,"Không",0,"Không (0 lần)","4-Hạnh phúc","4-Tôn giáo","Hạnh phúc"
905,0,"Nữ",37,15,"Có con",2,14,1,3,"Không",0,"Không (0 lần)","3-Trung bình","2-Hơi tôn giáo","Bất hạnh"
908,0,"Nam",22,4,"Có con",1,18,5,4,"Không",0,"Không (0 lần)","4-Hạnh phúc","1-Không","Hạnh phúc"
909,0,"Nam",37,15,"Có con",4,17,5,3,"Không",0,"Không (0 lần)","3-Trung bình","4-Tôn giáo","Bất hạnh"
910,0,"Nữ",22,1.5,"Không có con",2,14,4,5,"Không",0,"Không (0 lần)","5-Rất hạnh phúc","2-Hơi tôn giáo","Hạnh phúc"
912,0,"Nam",52,15,"Có con",4,14,6,2,"Không",0,"Không (0 lần)","2-Bất hạnh","4-Tôn giáo","Bất hạnh"
914,0,"Nữ",22,1.5,"Không có con",4,17,5,5,"Không",0,"Không (0 lần)","5-Rất hạnh phúc","4-Tôn giáo","Hạnh phúc"
915,0,"Nam",32,4,"Có con",5,14,3,5,"Không",0,"Không (0 lần)","5-Rất hạnh phúc","5-Rất tôn giáo","Hạnh phúc"
916,0,"Nam",32,4,"Có con",2,14,3,5,"Không",0,"Không (0 lần)","5-Rất hạnh phúc","2-Hơi tôn giáo","Hạnh phúc"
920,0,"Nữ",22,1.5,"Không có con",3,16,6,5,"Không",0,"Không (0 lần)","5-Rất hạnh phúc","3-Trung bình","Hạnh phúc"
921,0,"Nam",27,0.75,"Không có con",2,18,3,3,"Không",0,"Không (0 lần)","3-Trung bình","2-Hơi tôn giáo","Bất hạnh"
925,0,"Nữ",22,7,"Có con",2,14,5,2,"Không",0,"Không (0 lần)","2-Bất hạnh","2-Hơi tôn giáo","Bất hạnh"
926,0,"Nữ",27,0.75,"Không có con",2,17,5,3,"Không",0,"Không (0 lần)","3-Trung bình","2-Hơi tôn giáo","Bất hạnh"
929,0,"Nữ",37,15,"Có con",4,12,1,2,"Không",0,"Không (0 lần)","2-Bất hạnh","4-Tôn giáo","Bất hạnh"
931,0,"Nữ",22,1.5,"Không có con",1,14,1,5,"Không",0,"Không (0 lần)","5-Rất hạnh phúc","1-Không","Hạnh phúc"
945,0,"Nữ",37,10,"Không có con",2,12,4,4,"Không",0,"Không (0 lần)","4-Hạnh phúc","2-Hơi tôn giáo","Hạnh phúc"
947,0,"Nữ",37,15,"Có con",4,18,5,3,"Không",0,"Không (0 lần)","3-Trung bình","4-Tôn giáo","Bất hạnh"
949,0,"Nữ",42,15,"Có con",3,12,3,3,"Không",0,"Không (0 lần)","3-Trung bình","3-Trung bình","Bất hạnh"
950,0,"Nam",22,4,"Không có con",2,18,5,5,"Không",0,"Không (0 lần)","5-Rất hạnh phúc","2-Hơi tôn giáo","Hạnh phúc"
961,0,"Nam",52,7,"Có con",2,20,6,2,"Không",0,"Không (0 lần)","2-Bất hạnh","2-Hơi tôn giáo","Bất hạnh"
965,0,"Nam",27,0.75,"Không có con",2,17,5,5,"Không",0,"Không (0 lần)","5-Rất hạnh phúc","2-Hơi tôn giáo","Hạnh phúc"
966,0,"Nữ",27,4,"Không có con",2,17,4,5,"Không",0,"Không (0 lần)","5-Rất hạnh phúc","2-Hơi tôn giáo","Hạnh phúc"
967,0,"Nam",42,1.5,"Không có con",5,20,6,5,"Không",0,"Không (0 lần)","5-Rất hạnh phúc","5-Rất tôn giáo","Hạnh phúc"
987,0,"Nam",22,1.5,"Không có con",4,17,6,5,"Không",0,"Không (0 lần)","5-Rất hạnh phúc","4-Tôn giáo","Hạnh phúc"
990,0,"Nam",22,4,"Không có con",4,17,5,3,"Không",0,"Không (0 lần)","3-Trung bình","4-Tôn giáo","Bất hạnh"
992,0,"Nữ",22,4,"Có con",1,14,5,4,"Không",0,"Không (0 lần)","4-Hạnh phúc","1-Không","Hạnh phúc"
995,0,"Nam",37,15,"Có con",5,20,4,5,"Không",0,"Không (0 lần)","5-Rất hạnh phúc","5-Rất tôn giáo","Hạnh phúc"
1009,0,"Nữ",37,10,"Có con",3,16,6,3,"Không",0,"Không (0 lần)","3-Trung bình","3-Trung bình","Bất hạnh"
1021,0,"Nam",42,15,"Có con",4,17,6,5,"Không",0,"Không (0 lần)","5-Rất hạnh phúc","4-Tôn giáo","Hạnh phúc"
1026,0,"Nữ",47,15,"Có con",4,17,5,5,"Không",0,"Không (0 lần)","5-Rất hạnh phúc","4-Tôn giáo","Hạnh phúc"
1027,0,"Nam",22,1.5,"Không có con",4,16,5,4,"Không",0,"Không (0 lần)","4-Hạnh phúc","4-Tôn giáo","Hạnh phúc"
1030,0,"Nữ",32,10,"Có con",3,12,1,4,"Không",0,"Không (0 lần)","4-Hạnh phúc","3-Trung bình","Hạnh phúc"
1031,0,"Nữ",22,7,"Có con",1,14,3,5,"Không",0,"Không (0 lần)","5-Rất hạnh phúc","1-Không","Hạnh phúc"
1034,0,"Nữ",32,10,"Có con",4,17,5,4,"Không",0,"Không (0 lần)","4-Hạnh phúc","4-Tôn giáo","Hạnh phúc"
1037,0,"Nam",27,1.5,"Có con",2,16,2,4,"Không",0,"Không (0 lần)","4-Hạnh phúc","2-Hơi tôn giáo","Hạnh phúc"
1038,0,"Nam",37,15,"Có con",4,14,5,5,"Không",0,"Không (0 lần)","5-Rất hạnh phúc","4-Tôn giáo","Hạnh phúc"
1039,0,"Nam",42,4,"Có con",3,14,4,5,"Không",0,"Không (0 lần)","5-Rất hạnh phúc","3-Trung bình","Hạnh phúc"
1045,0,"Nữ",37,15,"Có con",5,14,5,4,"Không",0,"Không (0 lần)","4-Hạnh phúc","5-Rất tôn giáo","Hạnh phúc"
1046,0,"Nữ",32,7,"Có con",4,17,5,5,"Không",0,"Không (0 lần)","5-Rất hạnh phúc","4-Tôn giáo","Hạnh phúc"
1054,0,"Nữ",42,15,"Có con",4,18,6,5,"Không",0,"Không (0 lần)","5-Rất hạnh phúc","4-Tôn giáo","Hạnh phúc"
1059,0,"Nam",27,4,"Không có con",4,18,6,4,"Không",0,"Không (0 lần)","4-Hạnh phúc","4-Tôn giáo","Hạnh phúc"
1063,0,"Nam",22,0.75,"Không có con",4,18,6,5,"Không",0,"Không (0 lần)","5-Rất hạnh phúc","4-Tôn giáo","Hạnh phúc"
1068,0,"Nam",27,4,"Có con",4,14,5,3,"Không",0,"Không (0 lần)","3-Trung bình","4-Tôn giáo","Bất hạnh"
1070,0,"Nữ",22,0.75,"Không có con",5,18,1,5,"Không",0,"Không (0 lần)","5-Rất hạnh phúc","5-Rất tôn giáo","Hạnh phúc"
1072,0,"Nữ",52,15,"Có con",5,9,5,5,"Không",0,"Không (0 lần)","5-Rất hạnh phúc","5-Rất tôn giáo","Hạnh phúc"
1073,0,"Nam",32,10,"Có con",3,14,5,5,"Không",0,"Không (0 lần)","5-Rất hạnh phúc","3-Trung bình","Hạnh phúc"
1077,0,"Nữ",37,15,"Có con",4,16,4,4,"Không",0,"Không (0 lần)","4-Hạnh phúc","4-Tôn giáo","Hạnh phúc"
1081,0,"Nam",32,7,"Có con",2,20,5,4,"Không",0,"Không (0 lần)","4-Hạnh phúc","2-Hơi tôn giáo","Hạnh phúc"
1083,0,"Nữ",42,15,"Có con",3,18,1,4,"Không",0,"Không (0 lần)","4-Hạnh phúc","3-Trung bình","Hạnh phúc"
1084,0,"Nam",32,15,"Có con",1,16,5,5,"Không",0,"Không (0 lần)","5-Rất hạnh phúc","1-Không","Hạnh phúc"
1086,0,"Nam",27,4,"Có con",3,18,5,5,"Không",0,"Không (0 lần)","5-Rất hạnh phúc","3-Trung bình","Hạnh phúc"
1087,0,"Nữ",32,15,"Có con",4,12,3,4,"Không",0,"Không (0 lần)","4-Hạnh phúc","4-Tôn giáo","Hạnh phúc"
1089,0,"Nam",22,0.75,"Có con",3,14,2,4,"Không",0,"Không (0 lần)","4-Hạnh phúc","3-Trung bình","Hạnh phúc"
1096,0,"Nữ",22,1.5,"Không có con",3,16,5,3,"Không",0,"Không (0 lần)","3-Trung bình","3-Trung bình","Bất hạnh"
1102,0,"Nữ",42,15,"Có con",4,14,3,5,"Không",0,"Không (0 lần)","5-Rất hạnh phúc","4-Tôn giáo","Hạnh phúc"
1103,0,"Nữ",52,15,"Có con",3,16,5,4,"Không",0,"Không (0 lần)","4-Hạnh phúc","3-Trung bình","Hạnh phúc"
1107,0,"Nam",37,15,"Có con",5,20,6,4,"Không",0,"Không (0 lần)","4-Hạnh phúc","5-Rất tôn giáo","Hạnh phúc"
1109,0,"Nữ",47,15,"Có con",4,12,2,3,"Không",0,"Không (0 lần)","3-Trung bình","4-Tôn giáo","Bất hạnh"
1115,0,"Nam",57,15,"Có con",2,20,6,4,"Không",0,"Không (0 lần)","4-Hạnh phúc","2-Hơi tôn giáo","Hạnh phúc"
1119,0,"Nam",32,7,"Có con",4,17,5,5,"Không",0,"Không (0 lần)","5-Rất hạnh phúc","4-Tôn giáo","Hạnh phúc"
1124,0,"Nữ",27,7,"Có con",4,17,1,4,"Không",0,"Không (0 lần)","4-Hạnh phúc","4-Tôn giáo","Hạnh phúc"
1126,0,"Nam",22,1.5,"Không có con",1,18,6,5,"Không",0,"Không (0 lần)","5-Rất hạnh phúc","1-Không","Hạnh phúc"
1128,0,"Nữ",22,4,"Có con",3,9,1,4,"Không",0,"Không (0 lần)","4-Hạnh phúc","3-Trung bình","Hạnh phúc"
1129,0,"Nữ",22,1.5,"Không có con",2,14,1,5,"Không",0,"Không (0 lần)","5-Rất hạnh phúc","2-Hơi tôn giáo","Hạnh phúc"
1130,0,"Nam",42,15,"Có con",2,20,6,4,"Không",0,"Không (0 lần)","4-Hạnh phúc","2-Hơi tôn giáo","Hạnh phúc"
1133,0,"Nam",57,15,"Có con",4,9,2,4,"Không",0,"Không (0 lần)","4-Hạnh phúc","4-Tôn giáo","Hạnh phúc"
1140,0,"Nữ",27,7,"Có con",2,18,1,5,"Không",0,"Không (0 lần)","5-Rất hạnh phúc","2-Hơi tôn giáo","Hạnh phúc"
1143,0,"Nữ",22,4,"Có con",3,14,1,5,"Không",0,"Không (0 lần)","5-Rất hạnh phúc","3-Trung bình","Hạnh phúc"
1146,0,"Nam",37,15,"Có con",4,14,5,3,"Không",0,"Không (0 lần)","3-Trung bình","4-Tôn giáo","Bất hạnh"
1153,0,"Nam",32,7,"Có con",1,18,6,4,"Không",0,"Không (0 lần)","4-Hạnh phúc","1-Không","Hạnh phúc"
1156,0,"Nữ",22,1.5,"Không có con",2,14,5,5,"Không",0,"Không (0 lần)","5-Rất hạnh phúc","2-Hơi tôn giáo","Hạnh phúc"
1157,0,"Nữ",22,1.5,"Có con",3,12,1,3,"Không",0,"Không (0 lần)","3-Trung bình","3-Trung bình","Bất hạnh"
1158,0,"Nam",52,15,"Có con",2,14,5,5,"Không",0,"Không (0 lần)","5-Rất hạnh phúc","2-Hơi tôn giáo","Hạnh phúc"
1160,0,"Nữ",37,15,"Có con",2,14,1,1,"Không",0,"Không (0 lần)","1-Rất bất hạnh","2-Hơi tôn giáo","Bất hạnh"
1161,0,"Nữ",32,10,"Có con",2,14,5,5,"Không",0,"Không (0 lần)","5-Rất hạnh phúc","2-Hơi tôn giáo","Hạnh phúc"
1166,0,"Nam",42,15,"Có con",4,20,4,5,"Không",0,"Không (0 lần)","5-Rất hạnh phúc","4-Tôn giáo","Hạnh phúc"
1177,0,"Nữ",27,4,"Có con",3,18,4,5,"Không",0,"Không (0 lần)","5-Rất hạnh phúc","3-Trung bình","Hạnh phúc"
1178,0,"Nam",37,15,"Có con",4,20,6,5,"Không",0,"Không (0 lần)","5-Rất hạnh phúc","4-Tôn giáo","Hạnh phúc"
1180,0,"Nam",27,1.5,"Không có con",3,18,5,5,"Không",0,"Không (0 lần)","5-Rất hạnh phúc","3-Trung bình","Hạnh phúc"
1187,0,"Nữ",22,0.125,"Không có con",2,16,6,3,"Không",0,"Không (0 lần)","3-Trung bình","2-Hơi tôn giáo","Bất hạnh"
1191,0,"Nam",32,10,"Có con",2,20,6,3,"Không",0,"Không (0 lần)","3-Trung bình","2-Hơi tôn giáo","Bất hạnh"
1195,0,"Nữ",27,4,"Không có con",4,18,5,4,"Không",0,"Không (0 lần)","4-Hạnh phúc","4-Tôn giáo","Hạnh phúc"
1207,0,"Nữ",27,7,"Có con",2,12,5,1,"Không",0,"Không (0 lần)","1-Rất bất hạnh","2-Hơi tôn giáo","Bất hạnh"
1208,0,"Nam",32,4,"Có con",5,18,6,3,"Không",0,"Không (0 lần)","3-Trung bình","5-Rất tôn giáo","Bất hạnh"
1209,0,"Nữ",37,15,"Có con",2,17,5,5,"Không",0,"Không (0 lần)","5-Rất hạnh phúc","2-Hơi tôn giáo","Hạnh phúc"
1211,0,"Nam",47,15,"Không có con",4,20,6,4,"Không",0,"Không (0 lần)","4-Hạnh phúc","4-Tôn giáo","Hạnh phúc"
1215,0,"Nam",27,1.5,"Không có con",1,18,5,5,"Không",0,"Không (0 lần)","5-Rất hạnh phúc","1-Không","Hạnh phúc"
1221,0,"Nam",37,15,"Có con",4,20,6,4,"Không",0,"Không (0 lần)","4-Hạnh phúc","4-Tôn giáo","Hạnh phúc"
1226,0,"Nữ",32,15,"Có con",4,18,1,4,"Không",0,"Không (0 lần)","4-Hạnh phúc","4-Tôn giáo","Hạnh phúc"
1229,0,"Nữ",32,7,"Có con",4,17,5,4,"Không",0,"Không (0 lần)","4-Hạnh phúc","4-Tôn giáo","Hạnh phúc"
1231,0,"Nữ",42,15,"Có con",3,14,1,3,"Không",0,"Không (0 lần)","3-Trung bình","3-Trung bình","Bất hạnh"
1234,0,"Nữ",27,7,"Có con",3,16,1,4,"Không",0,"Không (0 lần)","4-Hạnh phúc","3-Trung bình","Hạnh phúc"
1235,0,"Nam",27,1.5,"Không có con",3,16,4,2,"Không",0,"Không (0 lần)","2-Bất hạnh","3-Trung bình","Bất hạnh"
1242,0,"Nam",22,1.5,"Không có con",3,16,3,5,"Không",0,"Không (0 lần)","5-Rất hạnh phúc","3-Trung bình","Hạnh phúc"
1245,0,"Nam",27,4,"Có con",3,16,4,2,"Không",0,"Không (0 lần)","2-Bất hạnh","3-Trung bình","Bất hạnh"
1260,0,"Nữ",27,7,"Có con",3,12,1,2,"Không",0,"Không (0 lần)","2-Bất hạnh","3-Trung bình","Bất hạnh"
1266,0,"Nữ",37,15,"Có con",2,18,5,4,"Không",0,"Không (0 lần)","4-Hạnh phúc","2-Hơi tôn giáo","Hạnh phúc"
1271,0,"Nữ",37,7,"Có con",3,14,4,4,"Không",0,"Không (0 lần)","4-Hạnh phúc","3-Trung bình","Hạnh phúc"
1273,0,"Nam",22,1.5,"Không có con",2,16,5,5,"Không",0,"Không (0 lần)","5-Rất hạnh phúc","2-Hơi tôn giáo","Hạnh phúc"
1276,0,"Nam",37,15,"Có con",5,20,5,4,"Không",0,"Không (0 lần)","4-Hạnh phúc","5-Rất tôn giáo","Hạnh phúc"
1280,0,"Nữ",22,1.5,"Không có con",4,16,5,3,"Không",0,"Không (0 lần)","3-Trung bình","4-Tôn giáo","Bất hạnh"
1282,0,"Nữ",32,10,"Có con",4,16,1,5,"Không",0,"Không (0 lần)","5-Rất hạnh phúc","4-Tôn giáo","Hạnh phúc"
1285,0,"Nam",27,4,"Không có con",2,17,5,3,"Không",0,"Không (0 lần)","3-Trung bình","2-Hơi tôn giáo","Bất hạnh"
1295,0,"Nữ",22,0.417,"Không có con",4,14,5,5,"Không",0,"Không (0 lần)","5-Rất hạnh phúc","4-Tôn giáo","Hạnh phúc"
1298,0,"Nữ",27,4,"Không có con",2,18,5,5,"Không",0,"Không (0 lần)","5-Rất hạnh phúc","2-Hơi tôn giáo","Hạnh phúc"
1299,0,"Nam",37,15,"Có con",4,18,5,3,"Không",0,"Không (0 lần)","3-Trung bình","4-Tôn giáo","Bất hạnh"
1304,0,"Nam",37,10,"Có con",5,20,7,4,"Không",0,"Không (0 lần)","4-Hạnh phúc","5-Rất tôn giáo","Hạnh phúc"
1305,0,"Nữ",27,7,"Có con",2,14,4,2,"Không",0,"Không (0 lần)","2-Bất hạnh","2-Hơi tôn giáo","Bất hạnh"
1311,0,"Nam",32,4,"Có con",2,16,5,5,"Không",0,"Không (0 lần)","5-Rất hạnh phúc","2-Hơi tôn giáo","Hạnh phúc"
1314,0,"Nam",32,4,"Có con",2,16,6,4,"Không",0,"Không (0 lần)","4-Hạnh phúc","2-Hơi tôn giáo","Hạnh phúc"
1319,0,"Nam",22,1.5,"Không có con",3,18,4,5,"Không",0,"Không (0 lần)","5-Rất hạnh phúc","3-Trung bình","Hạnh phúc"
1322,0,"Nữ",22,4,"Có con",4,14,3,4,"Không",0,"Không (0 lần)","4-Hạnh phúc","4-Tôn giáo","Hạnh phúc"
1324,0,"Nữ",17.5,0.75,"Không có con",2,18,5,4,"Không",0,"Không (0 lần)","4-Hạnh phúc","2-Hơi tôn giáo","Hạnh phúc"
1327,0,"Nam",32,10,"Có con",4,20,4,5,"Không",0,"Không (0 lần)","5-Rất hạnh phúc","4-Tôn giáo","Hạnh phúc"
1328,0,"Nữ",32,0.75,"Không có con",5,14,3,3,"Không",0,"Không (0 lần)","3-Trung bình","5-Rất tôn giáo","Bất hạnh"
1330,0,"Nam",37,15,"Có con",4,17,5,3,"Không",0,"Không (0 lần)","3-Trung bình","4-Tôn giáo","Bất hạnh"
1332,0,"Nam",32,4,"Không có con",3,14,4,5,"Không",0,"Không (0 lần)","5-Rất hạnh phúc","3-Trung bình","Hạnh phúc"
1333,0,"Nữ",27,1.5,"Không có con",2,17,3,2,"Không",0,"Không (0 lần)","2-Bất hạnh","2-Hơi tôn giáo","Bất hạnh"
1336,0,"Nữ",22,7,"Có con",4,14,1,5,"Không",0,"Không (0 lần)","5-Rất hạnh phúc","4-Tôn giáo","Hạnh phúc"
1341,0,"Nam",47,15,"Có con",5,14,6,5,"Không",0,"Không (0 lần)","5-Rất hạnh phúc","5-Rất tôn giáo","Hạnh phúc"
1344,0,"Nam",27,4,"Có con",1,16,4,4,"Không",0,"Không (0 lần)","4-Hạnh phúc","1-Không","Hạnh phúc"
1352,0,"Nữ",37,15,"Có con",5,14,1,3,"Không",0,"Không (0 lần)","3-Trung bình","5-Rất tôn giáo","Bất hạnh"
1358,0,"Nam",42,4,"Có con",4,18,5,5,"Không",0,"Không (0 lần)","5-Rất hạnh phúc","4-Tôn giáo","Hạnh phúc"
1359,0,"Nữ",32,4,"Có con",2,14,1,5,"Không",0,"Không (0 lần)","5-Rất hạnh phúc","2-Hơi tôn giáo","Hạnh phúc"
1361,0,"Nam",52,15,"Có con",2,14,7,4,"Không",0,"Không (0 lần)","4-Hạnh phúc","2-Hơi tôn giáo","Hạnh phúc"
1364,0,"Nữ",22,1.5,"Không có con",2,16,1,4,"Không",0,"Không (0 lần)","4-Hạnh phúc","2-Hơi tôn giáo","Hạnh phúc"
1368,0,"Nam",52,15,"Có con",4,12,2,4,"Không",0,"Không (0 lần)","4-Hạnh phúc","4-Tôn giáo","Hạnh phúc"
1384,0,"Nữ",22,0.417,"Không có con",3,17,1,5,"Không",0,"Không (0 lần)","5-Rất hạnh phúc","3-Trung bình","Hạnh phúc"
1390,0,"Nữ",22,1.5,"Không có con",2,16,5,5,"Không",0,"Không (0 lần)","5-Rất hạnh phúc","2-Hơi tôn giáo","Hạnh phúc"
1393,0,"Nam",27,4,"Có con",4,20,6,4,"Không",0,"Không (0 lần)","4-Hạnh phúc","4-Tôn giáo","Hạnh phúc"
1394,0,"Nữ",32,15,"Có con",4,14,1,5,"Không",0,"Không (0 lần)","5-Rất hạnh phúc","4-Tôn giáo","Hạnh phúc"
1402,0,"Nữ",27,1.5,"Không có con",2,16,3,5,"Không",0,"Không (0 lần)","5-Rất hạnh phúc","2-Hơi tôn giáo","Hạnh phúc"
1407,0,"Nam",32,4,"Không có con",1,20,6,5,"Không",0,"Không (0 lần)","5-Rất hạnh phúc","1-Không","Hạnh phúc"
1408,0,"Nam",37,15,"Có con",3,20,6,4,"Không",0,"Không (0 lần)","4-Hạnh phúc","3-Trung bình","Hạnh phúc"
1412,0,"Nữ",32,10,"Không có con",2,16,6,5,"Không",0,"Không (0 lần)","5-Rất hạnh phúc","2-Hơi tôn giáo","Hạnh phúc"
1413,0,"Nữ",32,10,"Có con",5,14,5,5,"Không",0,"Không (0 lần)","5-Rất hạnh phúc","5-Rất tôn giáo","Hạnh phúc"
1416,0,"Nam",37,1.5,"Có con",4,18,5,3,"Không",0,"Không (0 lần)","3-Trung bình","4-Tôn giáo","Bất hạnh"
1417,0,"Nam",32,1.5,"Không có con",2,18,4,4,"Không",0,"Không (0 lần)","4-Hạnh phúc","2-Hơi tôn giáo","Hạnh phúc"
1418,0,"Nữ",32,10,"Có con",4,14,1,4,"Không",0,"Không (0 lần)","4-Hạnh phúc","4-Tôn giáo","Hạnh phúc"
1419,0,"Nữ",47,15,"Có con",4,18,5,4,"Không",0,"Không (0 lần)","4-Hạnh phúc","4-Tôn giáo","Hạnh phúc"
1420,0,"Nữ",27,10,"Có con",5,12,1,5,"Không",0,"Không (0 lần)","5-Rất hạnh phúc","5-Rất tôn giáo","Hạnh phúc"
1423,0,"Nam",27,4,"Có con",3,16,4,5,"Không",0,"Không (0 lần)","5-Rất hạnh phúc","3-Trung bình","Hạnh phúc"
1424,0,"Nữ",37,15,"Có con",4,12,4,2,"Không",0,"Không (0 lần)","2-Bất hạnh","4-Tôn giáo","Bất hạnh"
1432,0,"Nữ",27,0.75,"Không có con",4,16,5,5,"Không",0,"Không (0 lần)","5-Rất hạnh phúc","4-Tôn giáo","Hạnh phúc"
1433,0,"Nữ",37,15,"Có con",4,16,1,5,"Không",0,"Không (0 lần)","5-Rất hạnh phúc","4-Tôn giáo","Hạnh phúc"
1437,0,"Nữ",32,15,"Có con",3,16,1,5,"Không",0,"Không (0 lần)","5-Rất hạnh phúc","3-Trung bình","Hạnh phúc"
1438,0,"Nữ",27,10,"Có con",2,16,1,5,"Không",0,"Không (0 lần)","5-Rất hạnh phúc","2-Hơi tôn giáo","Hạnh phúc"
1439,0,"Nam",27,7,"Không có con",2,20,6,5,"Không",0,"Không (0 lần)","5-Rất hạnh phúc","2-Hơi tôn giáo","Hạnh phúc"
1446,0,"Nữ",37,15,"Có con",2,14,1,3,"Không",0,"Không (0 lần)","3-Trung bình","2-Hơi tôn giáo","Bất hạnh"
1450,0,"Nam",27,1.5,"Có con",2,17,4,4,"Không",0,"Không (0 lần)","4-Hạnh phúc","2-Hơi tôn giáo","Hạnh phúc"
1451,0,"Nữ",22,0.75,"Có con",2,14,1,5,"Không",0,"Không (0 lần)","5-Rất hạnh phúc","2-Hơi tôn giáo","Hạnh phúc"
1452,0,"Nam",22,4,"Có con",4,14,2,4,"Không",0,"Không (0 lần)","4-Hạnh phúc","4-Tôn giáo","Hạnh phúc"
1453,0,"Nam",42,0.125,"Không có con",4,17,6,4,"Không",0,"Không (0 lần)","4-Hạnh phúc","4-Tôn giáo","Hạnh phúc"
1456,0,"Nam",27,1.5,"Có con",4,18,6,5,"Không",0,"Không (0 lần)","5-Rất hạnh phúc","4-Tôn giáo","Hạnh phúc"
1464,0,"Nam",27,7,"Có con",3,16,6,3,"Không",0,"Không (0 lần)","3-Trung bình","3-Trung bình","Bất hạnh"
1469,0,"Nữ",52,15,"Có con",4,14,1,3,"Không",0,"Không (0 lần)","3-Trung bình","4-Tôn giáo","Bất hạnh"
1473,0,"Nam",27,1.5,"Không có con",5,20,5,2,"Không",0,"Không (0 lần)","2-Bất hạnh","5-Rất tôn giáo","Bất hạnh"
1481,0,"Nữ",27,1.5,"Không có con",2,16,5,5,"Không",0,"Không (0 lần)","5-Rất hạnh phúc","2-Hơi tôn giáo","Hạnh phúc"
1482,0,"Nữ",27,1.5,"Không có con",3,17,5,5,"Không",0,"Không (0 lần)","5-Rất hạnh phúc","3-Trung bình","Hạnh phúc"
1496,0,"Nam",22,0.125,"Không có con",5,16,4,4,"Không",0,"Không (0 lần)","4-Hạnh phúc","5-Rất tôn giáo","Hạnh phúc"
1497,0,"Nữ",27,4,"Có con",4,16,1,5,"Không",0,"Không (0 lần)","5-Rất hạnh phúc","4-Tôn giáo","Hạnh phúc"
1504,0,"Nữ",27,4,"Có con",4,12,1,5,"Không",0,"Không (0 lần)","5-Rất hạnh phúc","4-Tôn giáo","Hạnh phúc"
1513,0,"Nữ",47,15,"Có con",2,14,5,5,"Không",0,"Không (0 lần)","5-Rất hạnh phúc","2-Hơi tôn giáo","Hạnh phúc"
1515,0,"Nữ",32,15,"Có con",3,14,5,3,"Không",0,"Không (0 lần)","3-Trung bình","3-Trung bình","Bất hạnh"
1534,0,"Nam",42,7,"Có con",2,16,5,5,"Không",0,"Không (0 lần)","5-Rất hạnh phúc","2-Hơi tôn giáo","Hạnh phúc"
1535,0,"Nam",22,0.75,"Không có con",4,16,6,4,"Không",0,"Không (0 lần)","4-Hạnh phúc","4-Tôn giáo","Hạnh phúc"
1536,0,"Nam",27,0.125,"Không có con",3,20,6,5,"Không",0,"Không (0 lần)","5-Rất hạnh phúc","3-Trung bình","Hạnh phúc"
1540,0,"Nam",32,10,"Có con",3,20,6,5,"Không",0,"Không (0 lần)","5-Rất hạnh phúc","3-Trung bình","Hạnh phúc"
1551,0,"Nữ",22,0.417,"Không có con",5,14,4,5,"Không",0,"Không (0 lần)","5-Rất hạnh phúc","5-Rất tôn giáo","Hạnh phúc"
1555,0,"Nữ",47,15,"Có con",5,14,1,4,"Không",0,"Không (0 lần)","4-Hạnh phúc","5-Rất tôn giáo","Hạnh phúc"
1557,0,"Nữ",32,10,"Có con",3,14,1,5,"Không",0,"Không (0 lần)","5-Rất hạnh phúc","3-Trung bình","Hạnh phúc"
1566,0,"Nam",57,15,"Có con",4,17,5,5,"Không",0,"Không (0 lần)","5-Rất hạnh phúc","4-Tôn giáo","Hạnh phúc"
1567,0,"Nam",27,4,"Có con",3,20,6,5,"Không",0,"Không (0 lần)","5-Rất hạnh phúc","3-Trung bình","Hạnh phúc"
1576,0,"Nữ",32,7,"Có con",4,17,1,5,"Không",0,"Không (0 lần)","5-Rất hạnh phúc","4-Tôn giáo","Hạnh phúc"
1584,0,"Nữ",37,10,"Có con",4,16,1,5,"Không",0,"Không (0 lần)","5-Rất hạnh phúc","4-Tôn giáo","Hạnh phúc"
1585,0,"Nữ",32,10,"Có con",1,18,1,4,"Không",0,"Không (0 lần)","4-Hạnh phúc","1-Không","Hạnh phúc"
1590,0,"Nữ",22,4,"Không có con",3,14,1,4,"Không",0,"Không (0 lần)","4-Hạnh phúc","3-Trung bình","Hạnh phúc"
1594,0,"Nữ",27,7,"Có con",4,14,3,2,"Không",0,"Không (0 lần)","2-Bất hạnh","4-Tôn giáo","Bất hạnh"
1595,0,"Nam",57,15,"Có con",5,18,5,2,"Không",0,"Không (0 lần)","2-Bất hạnh","5-Rất tôn giáo","Bất hạnh"
1603,0,"Nam",32,7,"Có con",2,18,5,5,"Không",0,"Không (0 lần)","5-Rất hạnh phúc","2-Hơi tôn giáo","Hạnh phúc"
1608,0,"Nữ",27,1.5,"Không có con",4,17,1,3,"Không",0,"Không (0 lần)","3-Trung bình","4-Tôn giáo","Bất hạnh"
1609,0,"Nam",22,1.5,"Không có con",4,14,5,5,"Không",0,"Không (0 lần)","5-Rất hạnh phúc","4-Tôn giáo","Hạnh phúc"
1615,0,"Nữ",22,1.5,"Có con",4,14,5,4,"Không",0,"Không (0 lần)","4-Hạnh phúc","4-Tôn giáo","Hạnh phúc"
1616,0,"Nữ",32,7,"Có con",3,16,1,5,"Không",0,"Không (0 lần)","5-Rất hạnh phúc","3-Trung bình","Hạnh phúc"
1617,0,"Nữ",47,15,"Có con",3,16,5,4,"Không",0,"Không (0 lần)","4-Hạnh phúc","3-Trung bình","Hạnh phúc"
1620,0,"Nữ",22,0.75,"Không có con",3,16,1,5,"Không",0,"Không (0 lần)","5-Rất hạnh phúc","3-Trung bình","Hạnh phúc"
1621,0,"Nữ",22,1.5,"Có con",2,14,5,5,"Không",0,"Không (0 lần)","5-Rất hạnh phúc","2-Hơi tôn giáo","Hạnh phúc"
1637,0,"Nữ",27,4,"Có con",1,16,5,5,"Không",0,"Không (0 lần)","5-Rất hạnh phúc","1-Không","Hạnh phúc"
1638,0,"Nam",52,15,"Có con",4,16,5,5,"Không",0,"Không (0 lần)","5-Rất hạnh phúc","4-Tôn giáo","Hạnh phúc"
1650,0,"Nam",32,10,"Có con",4,20,6,5,"Không",0,"Không (0 lần)","5-Rất hạnh phúc","4-Tôn giáo","Hạnh phúc"
1654,0,"Nam",47,15,"Có con",4,16,6,4,"Không",0,"Không (0 lần)","4-Hạnh phúc","4-Tôn giáo","Hạnh phúc"
1665,0,"Nữ",27,7,"Có con",2,14,1,2,"Không",0,"Không (0 lần)","2-Bất hạnh","2-Hơi tôn giáo","Bất hạnh"
1670,0,"Nữ",22,1.5,"Không có con",4,14,4,5,"Không",0,"Không (0 lần)","5-Rất hạnh phúc","4-Tôn giáo","Hạnh phúc"
1671,0,"Nữ",32,10,"Có con",2,16,5,4,"Không",0,"Không (0 lần)","4-Hạnh phúc","2-Hơi tôn giáo","Hạnh phúc"
1675,0,"Nữ",22,0.75,"Không có con",2,16,5,4,"Không",0,"Không (0 lần)","4-Hạnh phúc","2-Hơi tôn giáo","Hạnh phúc"
1688,0,"Nữ",22,1.5,"Không có con",2,16,5,5,"Không",0,"Không (0 lần)","5-Rất hạnh phúc","2-Hơi tôn giáo","Hạnh phúc"
1691,0,"Nữ",42,15,"Có con",3,18,6,4,"Không",0,"Không (0 lần)","4-Hạnh phúc","3-Trung bình","Hạnh phúc"
1695,0,"Nữ",27,7,"Có con",5,14,4,5,"Không",0,"Không (0 lần)","5-Rất hạnh phúc","5-Rất tôn giáo","Hạnh phúc"
1698,0,"Nam",42,15,"Có con",4,16,4,4,"Không",0,"Không (0 lần)","4-Hạnh phúc","4-Tôn giáo","Hạnh phúc"
1704,0,"Nữ",57,15,"Có con",3,18,5,2,"Không",0,"Không (0 lần)","2-Bất hạnh","3-Trung bình","Bất hạnh"
1705,0,"Nam",42,15,"Có con",3,18,6,2,"Không",0,"Không (0 lần)","2-Bất hạnh","3-Trung bình","Bất hạnh"
1711,0,"Nữ",32,7,"Có con",2,14,1,2,"Không",0,"Không (0 lần)","2-Bất hạnh","2-Hơi tôn giáo","Bất hạnh"
1719,0,"Nam",22,4,"Không có con",5,12,4,5,"Không",0,"Không (0 lần)","5-Rất hạnh phúc","5-Rất tôn giáo","Hạnh phúc"
1723,0,"Nữ",22,1.5,"Không có con",1,16,6,5,"Không",0,"Không (0 lần)","5-Rất hạnh phúc","1-Không","Hạnh phúc"
1726,0,"Nữ",22,0.75,"Không có con",1,14,4,5,"Không",0,"Không (0 lần)","5-Rất hạnh phúc","1-Không","Hạnh phúc"
1749,0,"Nữ",32,15,"Có con",4,12,1,5,"Không",0,"Không (0 lần)","5-Rất hạnh phúc","4-Tôn giáo","Hạnh phúc"
1752,0,"Nam",22,1.5,"Không có con",2,18,5,3,"Không",0,"Không (0 lần)","3-Trung bình","2-Hơi tôn giáo","Bất hạnh"
1754,0,"Nam",27,4,"Có con",5,17,2,5,"Không",0,"Không (0 lần)","5-Rất hạnh phúc","5-Rất tôn giáo","Hạnh phúc"
1758,0,"Nữ",27,4,"Có con",4,12,1,5,"Không",0,"Không (0 lần)","5-Rất hạnh phúc","4-Tôn giáo","Hạnh phúc"
1761,0,"Nam",42,15,"Có con",5,18,5,4,"Không",0,"Không (0 lần)","4-Hạnh phúc","5-Rất tôn giáo","Hạnh phúc"
1773,0,"Nam",32,1.5,"Không có con",2,20,7,3,"Không",0,"Không (0 lần)","3-Trung bình","2-Hơi tôn giáo","Bất hạnh"
1775,0,"Nam",57,15,"Không có con",4,9,3,1,"Không",0,"Không (0 lần)","1-Rất bất hạnh","4-Tôn giáo","Bất hạnh"
1786,0,"Nam",37,7,"Không có con",4,18,5,5,"Không",0,"Không (0 lần)","5-Rất hạnh phúc","4-Tôn giáo","Hạnh phúc"
1793,0,"Nam",52,15,"Có con",2,17,5,4,"Không",0,"Không (0 lần)","4-Hạnh phúc","2-Hơi tôn giáo","Hạnh phúc"
1799,0,"Nam",47,15,"Có con",4,17,6,5,"Không",0,"Không (0 lần)","5-Rất hạnh phúc","4-Tôn giáo","Hạnh phúc"
1803,0,"Nữ",27,7,"Không có con",2,17,5,4,"Không",0,"Không (0 lần)","4-Hạnh phúc","2-Hơi tôn giáo","Hạnh phúc"
1806,0,"Nữ",27,7,"Có con",4,14,5,5,"Không",0,"Không (0 lần)","5-Rất hạnh phúc","4-Tôn giáo","Hạnh phúc"
1807,0,"Nữ",22,4,"Không có con",2,14,3,3,"Không",0,"Không (0 lần)","3-Trung bình","2-Hơi tôn giáo","Bất hạnh"
1808,0,"Nam",37,7,"Có con",2,20,6,5,"Không",0,"Không (0 lần)","5-Rất hạnh phúc","2-Hơi tôn giáo","Hạnh phúc"
1814,0,"Nam",27,7,"Không có con",4,12,4,3,"Không",0,"Không (0 lần)","3-Trung bình","4-Tôn giáo","Bất hạnh"
1815,0,"Nam",42,10,"Có con",4,18,6,4,"Không",0,"Không (0 lần)","4-Hạnh phúc","4-Tôn giáo","Hạnh phúc"
1818,0,"Nữ",22,1.5,"Không có con",3,14,1,5,"Không",0,"Không (0 lần)","5-Rất hạnh phúc","3-Trung bình","Hạnh phúc"
1827,0,"Nữ",22,4,"Có con",2,14,1,3,"Không",0,"Không (0 lần)","3-Trung bình","2-Hơi tôn giáo","Bất hạnh"
1834,0,"Nữ",57,15,"Không có con",4,20,6,5,"Không",0,"Không (0 lần)","5-Rất hạnh phúc","4-Tôn giáo","Hạnh phúc"
1835,0,"Nam",37,15,"Có con",4,14,4,3,"Không",0,"Không (0 lần)","3-Trung bình","4-Tôn giáo","Bất hạnh"
1843,0,"Nữ",27,7,"Có con",3,18,5,5,"Không",0,"Không (0 lần)","5-Rất hạnh phúc","3-Trung bình","Hạnh phúc"
1846,0,"Nữ",17.5,10,"Không có con",4,14,4,5,"Không",0,"Không (0 lần)","5-Rất hạnh phúc","4-Tôn giáo","Hạnh phúc"
1850,0,"Nam",22,4,"Có con",4,16,5,5,"Không",0,"Không (0 lần)","5-Rất hạnh phúc","4-Tôn giáo","Hạnh phúc"
1851,0,"Nữ",27,4,"Có con",2,16,1,4,"Không",0,"Không (0 lần)","4-Hạnh phúc","2-Hơi tôn giáo","Hạnh phúc"
1854,0,"Nữ",37,15,"Có con",2,14,5,1,"Không",0,"Không (0 lần)","1-Rất bất hạnh","2-Hơi tôn giáo","Bất hạnh"
1859,0,"Nữ",22,1.5,"Không có con",5,14,1,4,"Không",0,"Không (0 lần)","4-Hạnh phúc","5-Rất tôn giáo","Hạnh phúc"
1861,0,"Nam",27,7,"Có con",2,20,5,4,"Không",0,"Không (0 lần)","4-Hạnh phúc","2-Hơi tôn giáo","Hạnh phúc"
1866,0,"Nam",27,4,"Có con",4,14,5,5,"Không",0,"Không (0 lần)","5-Rất hạnh phúc","4-Tôn giáo","Hạnh phúc"
1873,0,"Nam",22,0.125,"Không có con",1,16,3,5,"Không",0,"Không (0 lần)","5-Rất hạnh phúc","1-Không","Hạnh phúc"
1875,0,"Nữ",27,7,"Có con",4,14,1,4,"Không",0,"Không (0 lần)","4-Hạnh phúc","4-Tôn giáo","Hạnh phúc"
1885,0,"Nữ",32,15,"Có con",5,16,5,3,"Không",0,"Không (0 lần)","3-Trung bình","5-Rất tôn giáo","Bất hạnh"
1892,0,"Nam",32,10,"Có con",4,18,5,4,"Không",0,"Không (0 lần)","4-Hạnh phúc","4-Tôn giáo","Hạnh phúc"
1895,0,"Nữ",32,15,"Có con",2,14,3,4,"Không",0,"Không (0 lần)","4-Hạnh phúc","2-Hơi tôn giáo","Hạnh phúc"
1896,0,"Nữ",22,1.5,"Không có con",3,17,5,5,"Không",0,"Không (0 lần)","5-Rất hạnh phúc","3-Trung bình","Hạnh phúc"
1897,0,"Nam",27,4,"Có con",4,17,4,4,"Không",0,"Không (0 lần)","4-Hạnh phúc","4-Tôn giáo","Hạnh phúc"
1899,0,"Nữ",52,15,"Có con",5,14,1,5,"Không",0,"Không (0 lần)","5-Rất hạnh phúc","5-Rất tôn giáo","Hạnh phúc"
1904,0,"Nữ",27,7,"Có con",2,12,1,2,"Không",0,"Không (0 lần)","2-Bất hạnh","2-Hơi tôn giáo","Bất hạnh"
1905,0,"Nữ",27,7,"Có con",3,12,1,4,"Không",0,"Không (0 lần)","4-Hạnh phúc","3-Trung bình","Hạnh phúc"
1908,0,"Nữ",42,15,"Có con",2,14,1,4,"Không",0,"Không (0 lần)","4-Hạnh phúc","2-Hơi tôn giáo","Hạnh phúc"
1916,0,"Nữ",42,15,"Có con",4,14,5,4,"Không",0,"Không (0 lần)","4-Hạnh phúc","4-Tôn giáo","Hạnh phúc"
1918,0,"Nam",27,7,"Có con",4,14,3,3,"Không",0,"Không (0 lần)","3-Trung bình","4-Tôn giáo","Bất hạnh"
1920,0,"Nam",27,7,"Có con",2,20,6,2,"Không",0,"Không (0 lần)","2-Bất hạnh","2-Hơi tôn giáo","Bất hạnh"
1930,0,"Nữ",42,15,"Có con",3,12,3,3,"Không",0,"Không (0 lần)","3-Trung bình","3-Trung bình","Bất hạnh"
1940,0,"Nam",27,4,"Có con",3,16,3,5,"Không",0,"Không (0 lần)","5-Rất hạnh phúc","3-Trung bình","Hạnh phúc"
1947,0,"Nữ",27,7,"Có con",3,14,1,4,"Không",0,"Không (0 lần)","4-Hạnh phúc","3-Trung bình","Hạnh phúc"
1949,0,"Nữ",22,1.5,"Không có con",2,14,4,5,"Không",0,"Không (0 lần)","5-Rất hạnh phúc","2-Hơi tôn giáo","Hạnh phúc"
1951,0,"Nữ",27,4,"Có con",4,14,1,4,"Không",0,"Không (0 lần)","4-Hạnh phúc","4-Tôn giáo","Hạnh phúc"
1952,0,"Nữ",22,4,"Không có con",4,14,5,5,"Không",0,"Không (0 lần)","5-Rất hạnh phúc","4-Tôn giáo","Hạnh phúc"
1960,0,"Nữ",22,1.5,"Không có con",2,16,4,5,"Không",0,"Không (0 lần)","5-Rất hạnh phúc","2-Hơi tôn giáo","Hạnh phúc"
9001,0,"Nam",47,15,"Không có con",4,14,5,4,"Không",0,"Không (0 lần)","4-Hạnh phúc","4-Tôn giáo","Hạnh phúc"
9012,0,"Nam",37,10,"Có con",2,18,6,2,"Không",0,"Không (0 lần)","2-Bất hạnh","2-Hơi tôn giáo","Bất hạnh"
9023,0,"Nam",37,15,"Có con",3,17,5,4,"Không",0,"Không (0 lần)","4-Hạnh phúc","3-Trung bình","Hạnh phúc"
9029,0,"Nữ",27,4,"Có con",2,16,1,4,"Không",0,"Không (0 lần)","4-Hạnh phúc","2-Hơi tôn giáo","Hạnh phúc"
6,3,"Nam",27,1.5,"Không có con",3,18,4,4,"Có",1,"Ít (1-3 lần)","4-Hạnh phúc","3-Trung bình","Hạnh phúc"
12,3,"Nữ",27,4,"Có con",3,17,1,5,"Có",1,"Ít (1-3 lần)","5-Rất hạnh phúc","3-Trung bình","Hạnh phúc"
43,7,"Nam",37,15,"Có con",5,18,6,2,"Có",1,"Nhiều (>=7 lần)","2-Bất hạnh","5-Rất tôn giáo","Bất hạnh"
53,12,"Nữ",32,10,"Có con",3,17,5,2,"Có",1,"Nhiều (>=7 lần)","2-Bất hạnh","3-Trung bình","Bất hạnh"
67,1,"Nam",22,0.125,"Không có con",4,16,5,5,"Có",1,"Ít (1-3 lần)","5-Rất hạnh phúc","4-Tôn giáo","Hạnh phúc"
79,1,"Nữ",22,1.5,"Có con",2,14,1,5,"Có",1,"Ít (1-3 lần)","5-Rất hạnh phúc","2-Hơi tôn giáo","Hạnh phúc"
122,12,"Nam",37,15,"Có con",4,14,5,2,"Có",1,"Nhiều (>=7 lần)","2-Bất hạnh","4-Tôn giáo","Bất hạnh"
126,7,"Nữ",22,1.5,"Không có con",2,14,3,4,"Có",1,"Nhiều (>=7 lần)","4-Hạnh phúc","2-Hơi tôn giáo","Hạnh phúc"
133,2,"Nam",37,15,"Có con",2,18,6,4,"Có",1,"Ít (1-3 lần)","4-Hạnh phúc","2-Hơi tôn giáo","Hạnh phúc"
138,3,"Nữ",32,15,"Có con",4,12,3,2,"Có",1,"Ít (1-3 lần)","2-Bất hạnh","4-Tôn giáo","Bất hạnh"
154,1,"Nữ",37,15,"Có con",4,14,4,2,"Có",1,"Ít (1-3 lần)","2-Bất hạnh","4-Tôn giáo","Bất hạnh"
159,7,"Nữ",42,15,"Có con",3,17,1,4,"Có",1,"Nhiều (>=7 lần)","4-Hạnh phúc","3-Trung bình","Hạnh phúc"
174,12,"Nữ",42,15,"Có con",5,9,4,1,"Có",1,"Nhiều (>=7 lần)","1-Rất bất hạnh","5-Rất tôn giáo","Bất hạnh"
176,12,"Nam",37,10,"Có con",2,20,6,2,"Có",1,"Nhiều (>=7 lần)","2-Bất hạnh","2-Hơi tôn giáo","Bất hạnh"
181,12,"Nữ",32,15,"Có con",3,14,1,2,"Có",1,"Nhiều (>=7 lần)","2-Bất hạnh","3-Trung bình","Bất hạnh"
182,3,"Nam",27,4,"Không có con",1,18,6,5,"Có",1,"Ít (1-3 lần)","5-Rất hạnh phúc","1-Không","Hạnh phúc"
186,7,"Nam",37,10,"Có con",2,18,7,3,"Có",1,"Nhiều (>=7 lần)","3-Trung bình","2-Hơi tôn giáo","Bất hạnh"
189,7,"Nữ",27,4,"Không có con",3,17,5,5,"Có",1,"Nhiều (>=7 lần)","5-Rất hạnh phúc","3-Trung bình","Hạnh phúc"
204,1,"Nam",42,15,"Có con",4,16,5,5,"Có",1,"Ít (1-3 lần)","5-Rất hạnh phúc","4-Tôn giáo","Hạnh phúc"
215,1,"Nữ",47,15,"Có con",5,14,4,5,"Có",1,"Ít (1-3 lần)","5-Rất hạnh phúc","5-Rất tôn giáo","Hạnh phúc"
232,7,"Nữ",27,4,"Có con",3,18,5,4,"Có",1,"Nhiều (>=7 lần)","4-Hạnh phúc","3-Trung bình","Hạnh phúc"
233,1,"Nữ",27,7,"Có con",5,14,1,4,"Có",1,"Ít (1-3 lần)","4-Hạnh phúc","5-Rất tôn giáo","Hạnh phúc"
252,12,"Nam",27,1.5,"Có con",3,17,5,4,"Có",1,"Nhiều (>=7 lần)","4-Hạnh phúc","3-Trung bình","Hạnh phúc"
253,12,"Nữ",27,7,"Có con",4,14,6,2,"Có",1,"Nhiều (>=7 lần)","2-Bất hạnh","4-Tôn giáo","Bất hạnh"
274,3,"Nữ",42,15,"Có con",4,16,5,4,"Có",1,"Ít (1-3 lần)","4-Hạnh phúc","4-Tôn giáo","Hạnh phúc"
275,7,"Nữ",27,10,"Có con",4,12,7,3,"Có",1,"Nhiều (>=7 lần)","3-Trung bình","4-Tôn giáo","Bất hạnh"
287,1,"Nam",27,1.5,"Không có con",2,18,5,2,"Có",1,"Ít (1-3 lần)","2-Bất hạnh","2-Hơi tôn giáo","Bất hạnh"
288,1,"Nam",32,4,"Không có con",4,20,6,4,"Có",1,"Ít (1-3 lần)","4-Hạnh phúc","4-Tôn giáo","Hạnh phúc"
325,1,"Nữ",27,7,"Có con",3,14,1,3,"Có",1,"Ít (1-3 lần)","3-Trung bình","3-Trung bình","Bất hạnh"
328,3,"Nữ",32,10,"Có con",4,14,1,4,"Có",1,"Ít (1-3 lần)","4-Hạnh phúc","4-Tôn giáo","Hạnh phúc"
344,3,"Nam",27,4,"Có con",2,18,7,2,"Có",1,"Ít (1-3 lần)","2-Bất hạnh","2-Hơi tôn giáo","Bất hạnh"
353,1,"Nữ",17.5,0.75,"Không có con",5,14,4,5,"Có",1,"Ít (1-3 lần)","5-Rất hạnh phúc","5-Rất tôn giáo","Hạnh phúc"
354,1,"Nữ",32,10,"Có con",4,18,1,5,"Có",1,"Ít (1-3 lần)","5-Rất hạnh phúc","4-Tôn giáo","Hạnh phúc"
367,7,"Nữ",32,7,"Có con",2,17,6,4,"Có",1,"Nhiều (>=7 lần)","4-Hạnh phúc","2-Hơi tôn giáo","Hạnh phúc"
369,7,"Nam",37,15,"Có con",2,20,6,4,"Có",1,"Nhiều (>=7 lần)","4-Hạnh phúc","2-Hơi tôn giáo","Hạnh phúc"
390,7,"Nữ",37,10,"Không có con",1,20,5,3,"Có",1,"Nhiều (>=7 lần)","3-Trung bình","1-Không","Bất hạnh"
392,12,"Nữ",32,10,"Có con",2,16,5,5,"Có",1,"Nhiều (>=7 lần)","5-Rất hạnh phúc","2-Hơi tôn giáo","Hạnh phúc"
423,7,"Nam",52,15,"Có con",2,20,6,4,"Có",1,"Nhiều (>=7 lần)","4-Hạnh phúc","2-Hơi tôn giáo","Hạnh phúc"
432,7,"Nữ",42,15,"Có con",1,12,1,3,"Có",1,"Nhiều (>=7 lần)","3-Trung bình","1-Không","Bất hạnh"
436,1,"Nam",52,15,"Có con",2,20,6,3,"Có",1,"Ít (1-3 lần)","3-Trung bình","2-Hơi tôn giáo","Bất hạnh"
483,2,"Nam",37,15,"Có con",3,18,6,5,"Có",1,"Ít (1-3 lần)","5-Rất hạnh phúc","3-Trung bình","Hạnh phúc"
513,12,"Nữ",22,4,"Không có con",3,12,3,4,"Có",1,"Nhiều (>=7 lần)","4-Hạnh phúc","3-Trung bình","Hạnh phúc"
516,12,"Nam",27,7,"Có con",1,18,6,2,"Có",1,"Nhiều (>=7 lần)","2-Bất hạnh","1-Không","Bất hạnh"
518,1,"Nam",27,4,"Có con",3,18,5,5,"Có",1,"Ít (1-3 lần)","5-Rất hạnh phúc","3-Trung bình","Hạnh phúc"
520,12,"Nam",47,15,"Có con",4,17,6,5,"Có",1,"Nhiều (>=7 lần)","5-Rất hạnh phúc","4-Tôn giáo","Hạnh phúc"
526,12,"Nữ",42,15,"Có con",4,12,1,1,"Có",1,"Nhiều (>=7 lần)","1-Rất bất hạnh","4-Tôn giáo","Bất hạnh"
528,7,"Nam",27,4,"Không có con",3,14,3,4,"Có",1,"Nhiều (>=7 lần)","4-Hạnh phúc","3-Trung bình","Hạnh phúc"
553,7,"Nữ",32,7,"Có con",4,18,4,5,"Có",1,"Nhiều (>=7 lần)","5-Rất hạnh phúc","4-Tôn giáo","Hạnh phúc"
576,1,"Nam",32,0.417,"Có con",3,12,3,4,"Có",1,"Ít (1-3 lần)","4-Hạnh phúc","3-Trung bình","Hạnh phúc"
611,3,"Nam",47,15,"Có con",5,16,5,4,"Có",1,"Ít (1-3 lần)","4-Hạnh phúc","5-Rất tôn giáo","Hạnh phúc"
625,12,"Nam",37,15,"Có con",2,20,5,4,"Có",1,"Nhiều (>=7 lần)","4-Hạnh phúc","2-Hơi tôn giáo","Hạnh phúc"
635,7,"Nam",22,4,"Có con",2,17,6,4,"Có",1,"Nhiều (>=7 lần)","4-Hạnh phúc","2-Hơi tôn giáo","Hạnh phúc"
646,1,"Nam",27,4,"Không có con",2,14,4,5,"Có",1,"Ít (1-3 lần)","5-Rất hạnh phúc","2-Hơi tôn giáo","Hạnh phúc"
657,7,"Nữ",52,15,"Có con",5,16,1,3,"Có",1,"Nhiều (>=7 lần)","3-Trung bình","5-Rất tôn giáo","Bất hạnh"
659,1,"Nam",27,4,"Không có con",3,14,3,3,"Có",1,"Ít (1-3 lần)","3-Trung bình","3-Trung bình","Bất hạnh"
666,1,"Nữ",27,10,"Có con",4,16,1,4,"Có",1,"Ít (1-3 lần)","4-Hạnh phúc","4-Tôn giáo","Hạnh phúc"
679,1,"Nam",32,7,"Có con",3,14,7,4,"Có",1,"Ít (1-3 lần)","4-Hạnh phúc","3-Trung bình","Hạnh phúc"
729,7,"Nam",32,7,"Có con",2,18,4,1,"Có",1,"Nhiều (>=7 lần)","1-Rất bất hạnh","2-Hơi tôn giáo","Bất hạnh"
755,3,"Nam",22,1.5,"Không có con",1,14,3,2,"Có",1,"Ít (1-3 lần)","2-Bất hạnh","1-Không","Bất hạnh"
758,7,"Nam",22,4,"Có con",3,18,6,4,"Có",1,"Nhiều (>=7 lần)","4-Hạnh phúc","3-Trung bình","Hạnh phúc"
770,7,"Nam",42,15,"Có con",4,20,6,4,"Có",1,"Nhiều (>=7 lần)","4-Hạnh phúc","4-Tôn giáo","Hạnh phúc"
786,2,"Nữ",57,15,"Có con",1,18,5,4,"Có",1,"Ít (1-3 lần)","4-Hạnh phúc","1-Không","Hạnh phúc"
797,7,"Nữ",32,4,"Có con",3,18,5,2,"Có",1,"Nhiều (>=7 lần)","2-Bất hạnh","3-Trung bình","Bất hạnh"
811,1,"Nam",27,4,"Có con",1,16,4,4,"Có",1,"Ít (1-3 lần)","4-Hạnh phúc","1-Không","Hạnh phúc"
834,7,"Nam",32,7,"Có con",4,16,1,4,"Có",1,"Nhiều (>=7 lần)","4-Hạnh phúc","4-Tôn giáo","Hạnh phúc"
858,2,"Nam",57,15,"Có con",1,17,4,4,"Có",1,"Ít (1-3 lần)","4-Hạnh phúc","1-Không","Hạnh phúc"
885,7,"Nữ",42,15,"Có con",4,14,5,2,"Có",1,"Nhiều (>=7 lần)","2-Bất hạnh","4-Tôn giáo","Bất hạnh"
893,7,"Nam",37,10,"Có con",1,18,5,3,"Có",1,"Nhiều (>=7 lần)","3-Trung bình","1-Không","Bất hạnh"
927,3,"Nam",42,15,"Có con",3,17,6,1,"Có",1,"Ít (1-3 lần)","1-Rất bất hạnh","3-Trung bình","Bất hạnh"
928,1,"Nữ",52,15,"Có con",3,14,4,4,"Có",1,"Ít (1-3 lần)","4-Hạnh phúc","3-Trung bình","Hạnh phúc"
933,2,"Nữ",27,7,"Có con",3,17,5,3,"Có",1,"Ít (1-3 lần)","3-Trung bình","3-Trung bình","Bất hạnh"
951,12,"Nam",32,7,"Có con",2,12,4,2,"Có",1,"Nhiều (>=7 lần)","2-Bất hạnh","2-Hơi tôn giáo","Bất hạnh"
968,1,"Nam",22,4,"Không có con",4,14,2,5,"Có",1,"Ít (1-3 lần)","5-Rất hạnh phúc","4-Tôn giáo","Hạnh phúc"
972,3,"Nam",27,7,"Có con",3,18,6,4,"Có",1,"Ít (1-3 lần)","4-Hạnh phúc","3-Trung bình","Hạnh phúc"
975,12,"Nữ",37,15,"Có con",1,18,5,5,"Có",1,"Nhiều (>=7 lần)","5-Rất hạnh phúc","1-Không","Hạnh phúc"
977,7,"Nữ",32,15,"Có con",3,17,1,3,"Có",1,"Nhiều (>=7 lần)","3-Trung bình","3-Trung bình","Bất hạnh"
981,7,"Nữ",27,7,"Không có con",2,17,5,5,"Có",1,"Nhiều (>=7 lần)","5-Rất hạnh phúc","2-Hơi tôn giáo","Hạnh phúc"
986,1,"Nữ",32,7,"Có con",3,17,5,3,"Có",1,"Ít (1-3 lần)","3-Trung bình","3-Trung bình","Bất hạnh"
1002,1,"Nam",32,1.5,"Có con",2,14,2,4,"Có",1,"Ít (1-3 lần)","4-Hạnh phúc","2-Hơi tôn giáo","Hạnh phúc"
1007,12,"Nữ",42,15,"Có con",4,14,1,2,"Có",1,"Nhiều (>=7 lần)","2-Bất hạnh","4-Tôn giáo","Bất hạnh"
1011,7,"Nam",32,10,"Có con",3,14,5,4,"Có",1,"Nhiều (>=7 lần)","4-Hạnh phúc","3-Trung bình","Hạnh phúc"
1035,7,"Nam",37,4,"Có con",1,20,6,3,"Có",1,"Nhiều (>=7 lần)","3-Trung bình","1-Không","Bất hạnh"
1050,1,"Nữ",27,4,"Có con",2,16,5,3,"Có",1,"Ít (1-3 lần)","3-Trung bình","2-Hơi tôn giáo","Bất hạnh"
1056,12,"Nữ",42,15,"Có con",3,14,4,3,"Có",1,"Nhiều (>=7 lần)","3-Trung bình","3-Trung bình","Bất hạnh"
1057,1,"Nam",27,10,"Có con",5,20,6,5,"Có",1,"Ít (1-3 lần)","5-Rất hạnh phúc","5-Rất tôn giáo","Hạnh phúc"
1075,12,"Nam",37,10,"Có con",2,20,6,2,"Có",1,"Nhiều (>=7 lần)","2-Bất hạnh","2-Hơi tôn giáo","Bất hạnh"
1080,12,"Nữ",27,7,"Có con",1,14,3,3,"Có",1,"Nhiều (>=7 lần)","3-Trung bình","1-Không","Bất hạnh"
1125,3,"Nữ",27,7,"Có con",4,12,1,2,"Có",1,"Ít (1-3 lần)","2-Bất hạnh","4-Tôn giáo","Bất hạnh"
1131,3,"Nam",32,10,"Có con",2,14,4,4,"Có",1,"Ít (1-3 lần)","4-Hạnh phúc","2-Hơi tôn giáo","Hạnh phúc"
1138,12,"Nữ",17.5,0.75,"Có con",2,12,1,3,"Có",1,"Nhiều (>=7 lần)","3-Trung bình","2-Hơi tôn giáo","Bất hạnh"
1150,12,"Nữ",32,15,"Có con",3,18,5,4,"Có",1,"Nhiều (>=7 lần)","4-Hạnh phúc","3-Trung bình","Hạnh phúc"
1163,2,"Nữ",22,7,"Không có con",4,14,4,3,"Có",1,"Ít (1-3 lần)","3-Trung bình","4-Tôn giáo","Bất hạnh"
1169,1,"Nam",32,7,"Có con",4,20,6,5,"Có",1,"Ít (1-3 lần)","5-Rất hạnh phúc","4-Tôn giáo","Hạnh phúc"
1198,7,"Nam",27,4,"Có con",2,18,6,2,"Có",1,"Nhiều (>=7 lần)","2-Bất hạnh","2-Hơi tôn giáo","Bất hạnh"
1204,1,"Nữ",22,1.5,"Có con",5,14,5,3,"Có",1,"Ít (1-3 lần)","3-Trung bình","5-Rất tôn giáo","Bất hạnh"
1218,12,"Nữ",32,15,"Không có con",3,17,5,1,"Có",1,"Nhiều (>=7 lần)","1-Rất bất hạnh","3-Trung bình","Bất hạnh"
1230,12,"Nữ",42,15,"Có con",2,12,1,2,"Có",1,"Nhiều (>=7 lần)","2-Bất hạnh","2-Hơi tôn giáo","Bất hạnh"
1236,7,"Nam",42,15,"Có con",3,20,5,4,"Có",1,"Nhiều (>=7 lần)","4-Hạnh phúc","3-Trung bình","Hạnh phúc"
1247,12,"Nam",32,10,"Không có con",2,18,4,2,"Có",1,"Nhiều (>=7 lần)","2-Bất hạnh","2-Hơi tôn giáo","Bất hạnh"
1259,12,"Nữ",32,15,"Có con",3,9,1,1,"Có",1,"Nhiều (>=7 lần)","1-Rất bất hạnh","3-Trung bình","Bất hạnh"
1294,7,"Nam",57,15,"Có con",5,20,4,5,"Có",1,"Nhiều (>=7 lần)","5-Rất hạnh phúc","5-Rất tôn giáo","Hạnh phúc"
1353,12,"Nam",47,15,"Có con",4,20,6,4,"Có",1,"Nhiều (>=7 lần)","4-Hạnh phúc","4-Tôn giáo","Hạnh phúc"
1370,2,"Nữ",42,15,"Có con",2,17,6,3,"Có",1,"Ít (1-3 lần)","3-Trung bình","2-Hơi tôn giáo","Bất hạnh"
1427,12,"Nam",37,15,"Có con",3,17,6,3,"Có",1,"Nhiều (>=7 lần)","3-Trung bình","3-Trung bình","Bất hạnh"
1445,12,"Nam",37,15,"Có con",5,17,5,2,"Có",1,"Nhiều (>=7 lần)","2-Bất hạnh","5-Rất tôn giáo","Bất hạnh"
1460,7,"Nam",27,10,"Có con",2,20,6,4,"Có",1,"Nhiều (>=7 lần)","4-Hạnh phúc","2-Hơi tôn giáo","Hạnh phúc"
1480,2,"Nam",37,15,"Có con",2,16,5,4,"Có",1,"Ít (1-3 lần)","4-Hạnh phúc","2-Hơi tôn giáo","Hạnh phúc"
1505,12,"Nữ",32,15,"Có con",1,14,5,2,"Có",1,"Nhiều (>=7 lần)","2-Bất hạnh","1-Không","Bất hạnh"
1543,7,"Nam",32,10,"Có con",3,17,6,3,"Có",1,"Nhiều (>=7 lần)","3-Trung bình","3-Trung bình","Bất hạnh"
1548,2,"Nam",37,15,"Có con",4,18,5,1,"Có",1,"Ít (1-3 lần)","1-Rất bất hạnh","4-Tôn giáo","Bất hạnh"
1550,7,"Nữ",27,1.5,"Không có con",2,17,5,5,"Có",1,"Nhiều (>=7 lần)","5-Rất hạnh phúc","2-Hơi tôn giáo","Hạnh phúc"
1561,3,"Nữ",47,15,"Có con",2,17,5,2,"Có",1,"Ít (1-3 lần)","2-Bất hạnh","2-Hơi tôn giáo","Bất hạnh"
1564,12,"Nam",37,15,"Có con",2,17,5,4,"Có",1,"Nhiều (>=7 lần)","4-Hạnh phúc","2-Hơi tôn giáo","Hạnh phúc"
1573,12,"Nữ",27,4,"Không có con",2,14,5,5,"Có",1,"Nhiều (>=7 lần)","5-Rất hạnh phúc","2-Hơi tôn giáo","Hạnh phúc"
1575,2,"Nữ",27,10,"Có con",4,14,1,5,"Có",1,"Ít (1-3 lần)","5-Rất hạnh phúc","4-Tôn giáo","Hạnh phúc"
1599,1,"Nữ",22,4,"Có con",3,16,1,3,"Có",1,"Ít (1-3 lần)","3-Trung bình","3-Trung bình","Bất hạnh"
1622,12,"Nam",52,7,"Không có con",4,16,5,5,"Có",1,"Nhiều (>=7 lần)","5-Rất hạnh phúc","4-Tôn giáo","Hạnh phúc"
1629,2,"Nữ",27,4,"Có con",1,16,3,5,"Có",1,"Ít (1-3 lần)","5-Rất hạnh phúc","1-Không","Hạnh phúc"
1664,7,"Nữ",37,15,"Có con",2,17,6,4,"Có",1,"Nhiều (>=7 lần)","4-Hạnh phúc","2-Hơi tôn giáo","Hạnh phúc"
1669,2,"Nữ",27,4,"Không có con",1,17,3,1,"Có",1,"Ít (1-3 lần)","1-Rất bất hạnh","1-Không","Bất hạnh"
1674,12,"Nữ",17.5,0.75,"Có con",2,12,3,5,"Có",1,"Nhiều (>=7 lần)","5-Rất hạnh phúc","2-Hơi tôn giáo","Hạnh phúc"
1682,7,"Nữ",32,15,"Có con",5,18,5,4,"Có",1,"Nhiều (>=7 lần)","4-Hạnh phúc","5-Rất tôn giáo","Hạnh phúc"
1685,7,"Nữ",22,4,"Không có con",1,16,3,5,"Có",1,"Nhiều (>=7 lần)","5-Rất hạnh phúc","1-Không","Hạnh phúc"
1697,2,"Nam",32,4,"Có con",4,18,6,4,"Có",1,"Ít (1-3 lần)","4-Hạnh phúc","4-Tôn giáo","Hạnh phúc"
1716,1,"Nữ",22,1.5,"Có con",3,18,5,2,"Có",1,"Ít (1-3 lần)","2-Bất hạnh","3-Trung bình","Bất hạnh"
1730,3,"Nữ",42,15,"Có con",2,17,5,4,"Có",1,"Ít (1-3 lần)","4-Hạnh phúc","2-Hơi tôn giáo","Hạnh phúc"
1731,1,"Nam",32,7,"Có con",4,16,4,4,"Có",1,"Ít (1-3 lần)","4-Hạnh phúc","4-Tôn giáo","Hạnh phúc"
1732,12,"Nam",37,15,"Không có con",3,14,6,2,"Có",1,"Nhiều (>=7 lần)","2-Bất hạnh","3-Trung bình","Bất hạnh"
1743,1,"Nam",42,15,"Có con",3,16,6,3,"Có",1,"Ít (1-3 lần)","3-Trung bình","3-Trung bình","Bất hạnh"
1751,1,"Nam",27,4,"Có con",1,18,5,4,"Có",1,"Ít (1-3 lần)","4-Hạnh phúc","1-Không","Hạnh phúc"
1757,2,"Nam",37,15,"Có con",4,20,7,3,"Có",1,"Ít (1-3 lần)","3-Trung bình","4-Tôn giáo","Bất hạnh"
1763,7,"Nam",37,15,"Có con",3,20,6,4,"Có",1,"Nhiều (>=7 lần)","4-Hạnh phúc","3-Trung bình","Hạnh phúc"
1766,3,"Nam",22,1.5,"Không có con",2,12,3,3,"Có",1,"Ít (1-3 lần)","3-Trung bình","2-Hơi tôn giáo","Bất hạnh"
1772,3,"Nam",32,4,"Có con",3,20,6,2,"Có",1,"Ít (1-3 lần)","2-Bất hạnh","3-Trung bình","Bất hạnh"
1776,2,"Nam",32,15,"Có con",5,20,6,5,"Có",1,"Ít (1-3 lần)","5-Rất hạnh phúc","5-Rất tôn giáo","Hạnh phúc"
1782,12,"Nữ",52,15,"Có con",1,18,5,5,"Có",1,"Nhiều (>=7 lần)","5-Rất hạnh phúc","1-Không","Hạnh phúc"
1784,12,"Nam",47,15,"Không có con",1,18,6,5,"Có",1,"Nhiều (>=7 lần)","5-Rất hạnh phúc","1-Không","Hạnh phúc"
1791,3,"Nữ",32,15,"Có con",4,16,4,4,"Có",1,"Ít (1-3 lần)","4-Hạnh phúc","4-Tôn giáo","Hạnh phúc"
1831,7,"Nữ",32,15,"Có con",3,14,3,2,"Có",1,"Nhiều (>=7 lần)","2-Bất hạnh","3-Trung bình","Bất hạnh"
1840,7,"Nữ",27,7,"Có con",4,16,1,2,"Có",1,"Nhiều (>=7 lần)","2-Bất hạnh","4-Tôn giáo","Bất hạnh"
1844,12,"Nam",42,15,"Có con",3,18,6,2,"Có",1,"Nhiều (>=7 lần)","2-Bất hạnh","3-Trung bình","Bất hạnh"
1856,7,"Nữ",42,15,"Có con",2,14,3,2,"Có",1,"Nhiều (>=7 lần)","2-Bất hạnh","2-Hơi tôn giáo","Bất hạnh"
1876,12,"Nam",27,7,"Có con",2,17,5,4,"Có",1,"Nhiều (>=7 lần)","4-Hạnh phúc","2-Hơi tôn giáo","Hạnh phúc"
1929,3,"Nam",32,10,"Có con",4,14,4,3,"Có",1,"Ít (1-3 lần)","3-Trung bình","4-Tôn giáo","Bất hạnh"
1935,7,"Nam",47,15,"Có con",3,16,4,2,"Có",1,"Nhiều (>=7 lần)","2-Bất hạnh","3-Trung bình","Bất hạnh"
1938,1,"Nam",22,1.5,"Có con",1,12,2,5,"Có",1,"Ít (1-3 lần)","5-Rất hạnh phúc","1-Không","Hạnh phúc"
1941,7,"Nữ",32,10,"Có con",2,18,5,4,"Có",1,"Nhiều (>=7 lần)","4-Hạnh phúc","2-Hơi tôn giáo","Hạnh phúc"
1954,2,"Nam",32,10,"Có con",2,17,6,5,"Có",1,"Ít (1-3 lần)","5-Rất hạnh phúc","2-Hơi tôn giáo","Hạnh phúc"
1959,2,"Nam",22,7,"Có con",3,18,6,2,"Có",1,"Ít (1-3 lần)","2-Bất hạnh","3-Trung bình","Bất hạnh"
9010,1,"Nữ",32,15,"Có con",3,14,1,5,"Có",1,"Ít (1-3 lần)","5-Rất hạnh phúc","3-Trung bình","Hạnh phúc"
